cv_id,user_id,skill
9d91c0a0-bb07-4bd2-8bb5-b2f44bf9541e,anon_ed6d58cb30,Google Ads
9d91c0a0-bb07-4bd2-8bb5-b2f44bf9541e,anon_ed6d58cb30,Email marketing
9d91c0a0-bb07-4bd2-8bb5-b2f44bf9541e,anon_ed6d58cb30,Canva
9d91c0a0-bb07-4bd2-8bb5-b2f44bf9541e,anon_ed6d58cb30,Copywriting
9d91c0a0-bb07-4bd2-8bb5-b2f44bf9541e,anon_ed6d58cb30,Redes sociales
561e3fe0-1a3e-4cf9-b523-bfd2f6cae807,anon_5b295aa731,Google Ads
561e3fe0-1a3e-4cf9-b523-bfd2f6cae807,anon_5b295aa731,Email marketing
561e3fe0-1a3e-4cf9-b523-bfd2f6cae807,anon_5b295aa731,Redes sociales
561e3fe0-1a3e-4cf9-b523-bfd2f6cae807,anon_5b295aa731,Copywriting
cc701a91-f81f-474c-9793-8eda7c6597f2,anon_97c39b14e1,Facturación
cc701a91-f81f-474c-9793-8eda7c6597f2,anon_97c39b14e1,Gestión documental
cc701a91-f81f-474c-9793-8eda7c6597f2,anon_97c39b14e1,Atención al cliente
cc701a91-f81f-474c-9793-8eda7c6597f2,anon_97c39b14e1,SAP
cc701a91-f81f-474c-9793-8eda7c6597f2,anon_97c39b14e1,Excel
3c252707-346e-41a7-b92b-c45107c0bcfa,anon_d7db18b868,Facturación
3c252707-346e-41a7-b92b-c45107c0bcfa,anon_d7db18b868,Atención al cliente
3c252707-346e-41a7-b92b-c45107c0bcfa,anon_d7db18b868,Excel
3c252707-346e-41a7-b92b-c45107c0bcfa,anon_d7db18b868,Gestión documental
1cf838d5-dde8-415b-b9a0-0e6a31a30cfa,anon_395852f410,Estadística
1cf838d5-dde8-415b-b9a0-0e6a31a30cfa,anon_395852f410,SQL
1cf838d5-dde8-415b-b9a0-0e6a31a30cfa,anon_395852f410,Pandas
1cf838d5-dde8-415b-b9a0-0e6a31a30cfa,anon_395852f410,Excel avanzado
1cf838d5-dde8-415b-b9a0-0e6a31a30cfa,anon_395852f410,Visualización de datos
1cf838d5-dde8-415b-b9a0-0e6a31a30cfa,anon_395852f410,ETL
1cf838d5-dde8-415b-b9a0-0e6a31a30cfa,anon_395852f410,Python
1cf838d5-dde8-415b-b9a0-0e6a31a30cfa,anon_395852f410,Tableau
9110f56e-6b0e-4923-a9a6-c82dcf59a9d0,anon_e08127767b,SAP
9110f56e-6b0e-4923-a9a6-c82dcf59a9d0,anon_e08127767b,Facturación
9110f56e-6b0e-4923-a9a6-c82dcf59a9d0,anon_e08127767b,Atención al cliente
9110f56e-6b0e-4923-a9a6-c82dcf59a9d0,anon_e08127767b,Excel
9110f56e-6b0e-4923-a9a6-c82dcf59a9d0,anon_e08127767b,Gestión documental
b7af9d33-f8ab-4050-8976-6c415f2489de,anon_62fc33855c,Excel
b7af9d33-f8ab-4050-8976-6c415f2489de,anon_62fc33855c,Gestión documental
b7af9d33-f8ab-4050-8976-6c415f2489de,anon_62fc33855c,Facturación
b7af9d33-f8ab-4050-8976-6c415f2489de,anon_62fc33855c,Atención al cliente
5335ec57-4922-40c6-9cec-107f4289e49c,anon_6ba18b6f64,APIs REST
5335ec57-4922-40c6-9cec-107f4289e49c,anon_6ba18b6f64,React
5335ec57-4922-40c6-9cec-107f4289e49c,anon_6ba18b6f64,Docker
5335ec57-4922-40c6-9cec-107f4289e49c,anon_6ba18b6f64,Python
5335ec57-4922-40c6-9cec-107f4289e49c,anon_6ba18b6f64,SQL
5335ec57-4922-40c6-9cec-107f4289e49c,anon_6ba18b6f64,Java
5335ec57-4922-40c6-9cec-107f4289e49c,anon_6ba18b6f64,JavaScript
5335ec57-4922-40c6-9cec-107f4289e49c,anon_6ba18b6f64,Git
5335ec57-4922-40c6-9cec-107f4289e49c,anon_6ba18b6f64,Node.js
f99e4ba8-b5ce-446a-a65a-940fdff08be5,anon_035773a775,Muestreo
f99e4ba8-b5ce-446a-a65a-940fdff08be5,anon_035773a775,Laboratorio
f99e4ba8-b5ce-446a-a65a-940fdff08be5,anon_035773a775,Excel
f99e4ba8-b5ce-446a-a65a-940fdff08be5,anon_035773a775,Redacción científica
b1ab60a2-7d29-46eb-a01d-ea440ff8b6c5,anon_62fc33855c,Python
b1ab60a2-7d29-46eb-a01d-ea440ff8b6c5,anon_62fc33855c,Git
b1ab60a2-7d29-46eb-a01d-ea440ff8b6c5,anon_62fc33855c,Docker
b1ab60a2-7d29-46eb-a01d-ea440ff8b6c5,anon_62fc33855c,SQL
b1ab60a2-7d29-46eb-a01d-ea440ff8b6c5,anon_62fc33855c,Java
b1ab60a2-7d29-46eb-a01d-ea440ff8b6c5,anon_62fc33855c,APIs REST
b1ab60a2-7d29-46eb-a01d-ea440ff8b6c5,anon_62fc33855c,JavaScript
b1ab60a2-7d29-46eb-a01d-ea440ff8b6c5,anon_62fc33855c,React
37cd8289-c660-4543-9e5b-131c91f4741e,anon_d7db18b868,SAP
37cd8289-c660-4543-9e5b-131c91f4741e,anon_d7db18b868,Gestión documental
37cd8289-c660-4543-9e5b-131c91f4741e,anon_d7db18b868,Facturación
37cd8289-c660-4543-9e5b-131c91f4741e,anon_d7db18b868,Excel
37cd8289-c660-4543-9e5b-131c91f4741e,anon_d7db18b868,Atención al cliente
8fd746c7-0216-4c6d-ad3f-902f4903fd0b,anon_5b295aa731,Facturación
8fd746c7-0216-4c6d-ad3f-902f4903fd0b,anon_5b295aa731,Gestión documental
8fd746c7-0216-4c6d-ad3f-902f4903fd0b,anon_5b295aa731,Atención al cliente
8fd746c7-0216-4c6d-ad3f-902f4903fd0b,anon_5b295aa731,Excel
e884cb86-e3e7-474d-85fb-1e8f90776e01,anon_62fc33855c,Canva
e884cb86-e3e7-474d-85fb-1e8f90776e01,anon_62fc33855c,Redes sociales
e884cb86-e3e7-474d-85fb-1e8f90776e01,anon_62fc33855c,Email marketing
e884cb86-e3e7-474d-85fb-1e8f90776e01,anon_62fc33855c,Copywriting
e884cb86-e3e7-474d-85fb-1e8f90776e01,anon_62fc33855c,Google Ads
9093f18b-6049-47a7-9d60-db13b09a7130,anon_5b295aa731,APIs REST
9093f18b-6049-47a7-9d60-db13b09a7130,anon_5b295aa731,Node.js
9093f18b-6049-47a7-9d60-db13b09a7130,anon_5b295aa731,Docker
9093f18b-6049-47a7-9d60-db13b09a7130,anon_5b295aa731,JavaScript
6edcfca2-e1f3-48b7-ba2f-8ec83a981795,anon_035773a775,Canva
6edcfca2-e1f3-48b7-ba2f-8ec83a981795,anon_035773a775,Email marketing
6edcfca2-e1f3-48b7-ba2f-8ec83a981795,anon_035773a775,Redes sociales
6edcfca2-e1f3-48b7-ba2f-8ec83a981795,anon_035773a775,Copywriting
40a15bf6-452a-46a2-b65b-693a5235ec82,anon_6ba18b6f64,Excel avanzado
40a15bf6-452a-46a2-b65b-693a5235ec82,anon_6ba18b6f64,SQL
40a15bf6-452a-46a2-b65b-693a5235ec82,anon_6ba18b6f64,Python
40a15bf6-452a-46a2-b65b-693a5235ec82,anon_6ba18b6f64,Estadística
40a15bf6-452a-46a2-b65b-693a5235ec82,anon_6ba18b6f64,ETL
40a15bf6-452a-46a2-b65b-693a5235ec82,anon_6ba18b6f64,Pandas
