match_id,user_id,cv_id,fecha_busqueda,job_id,titulo,empresa,ubicacion,fuente,similarity,score,cantidad_matches,cantidad_gaps,aplicada,aplicada_en
fa56ac71-aa66-46ce-a64e-474ad136ba38,anon_180cb1a48e,1a6bee08-2b80-4b1d-b929-193cd587754a,2026-06-13 17:49:00,151e11b4d7f242bf,Community Manager,Sistemas Australes,GBA Norte,Computrabajo,65,60,4,1,False,
fa56ac71-aa66-46ce-a64e-474ad136ba38,anon_180cb1a48e,1a6bee08-2b80-4b1d-b929-193cd587754a,2026-06-13 17:49:00,497f5df0958d2422,Marketing Jr,Clínica San Rafael,Córdoba,Computrabajo,90,95,3,1,False,
fa56ac71-aa66-46ce-a64e-474ad136ba38,anon_180cb1a48e,1a6bee08-2b80-4b1d-b929-193cd587754a,2026-06-13 17:49:00,4e0a7727fb80b4b4,Analista de Marketing Digital,Laboratorios BioSur,CABA,Jooble,59,63,2,1,True,2026-06-16 00:49:00
fa56ac71-aa66-46ce-a64e-474ad136ba38,anon_180cb1a48e,1a6bee08-2b80-4b1d-b929-193cd587754a,2026-06-13 17:49:00,44eebfd590a997a3,Community Manager,NovaTech Solutions,CABA,Computrabajo,67,70,4,1,False,
fa56ac71-aa66-46ce-a64e-474ad136ba38,anon_180cb1a48e,1a6bee08-2b80-4b1d-b929-193cd587754a,2026-06-13 17:49:00,0701cbae5ec56f13,Marketing Jr,Retail Horizonte,Rosario,Computrabajo,72,72,2,1,True,2026-06-28 04:49:00
fa56ac71-aa66-46ce-a64e-474ad136ba38,anon_180cb1a48e,1a6bee08-2b80-4b1d-b929-193cd587754a,2026-06-13 17:49:00,6cf4df0e288bd36e,Analista de Marketing Digital,Vitalis Salud,Mendoza,Jooble,54,46,2,0,False,
fa56ac71-aa66-46ce-a64e-474ad136ba38,anon_180cb1a48e,1a6bee08-2b80-4b1d-b929-193cd587754a,2026-06-13 17:49:00,4e0a7727fb80b4b4,Analista de Marketing Digital,Laboratorios BioSur,GBA Norte,Jooble,73,70,2,1,False,
f24c9cec-c0a2-4730-8301-573f078a6bb3,anon_6e3ed316ee,9eda1df1-918c-419f-af50-a0221ec67d5d,2026-06-09 17:06:00,5cfa7574b738b1a8,Marketing Jr,Marketing Cono Sur,CABA,Computrabajo,90,87,2,0,False,
f24c9cec-c0a2-4730-8301-573f078a6bb3,anon_6e3ed316ee,9eda1df1-918c-419f-af50-a0221ec67d5d,2026-06-09 17:06:00,a5a59ec2a3dae1cc,Analista de Marketing Digital,Clínica San Rafael,CABA,Computrabajo,62,55,3,3,False,
f24c9cec-c0a2-4730-8301-573f078a6bb3,anon_6e3ed316ee,9eda1df1-918c-419f-af50-a0221ec67d5d,2026-06-09 17:06:00,5cfa7574b738b1a8,Marketing Jr,Marketing Cono Sur,Córdoba,Computrabajo,54,54,2,2,False,
f24c9cec-c0a2-4730-8301-573f078a6bb3,anon_6e3ed316ee,9eda1df1-918c-419f-af50-a0221ec67d5d,2026-06-09 17:06:00,99de90398c422762,Marketing Jr,Marketing Cono Sur,GBA Sur,Jooble,40,47,2,1,False,
f24c9cec-c0a2-4730-8301-573f078a6bb3,anon_6e3ed316ee,9eda1df1-918c-419f-af50-a0221ec67d5d,2026-06-09 17:06:00,243f163b79552695,Community Manager,Estudio Contable Medina,CABA,Jooble,71,75,3,0,True,2026-06-29 00:06:00
f24c9cec-c0a2-4730-8301-573f078a6bb3,anon_6e3ed316ee,9eda1df1-918c-419f-af50-a0221ec67d5d,2026-06-09 17:06:00,3ca2a04758bbd931,Marketing Jr,TechNova Remote,CABA,Jooble,59,66,2,2,False,
ae85869b-c29e-4de3-9c82-29ac5e120c4b,anon_8a1fd4a8f3,6e6e58dc-4383-4348-980b-0a8fc4da7e20,2026-05-23 15:08:00,e4bd04c4ec6d6535,Asistente Administrativo,Data Forge,CABA,Computrabajo,36,40,2,0,False,
ae85869b-c29e-4de3-9c82-29ac5e120c4b,anon_8a1fd4a8f3,6e6e58dc-4383-4348-980b-0a8fc4da7e20,2026-05-23 15:08:00,76c4d590bc8c84a3,Analista Administrativo Jr,Banco Regional,GBA Sur,Jooble,89,84,3,0,False,
ae85869b-c29e-4de3-9c82-29ac5e120c4b,anon_8a1fd4a8f3,6e6e58dc-4383-4348-980b-0a8fc4da7e20,2026-05-23 15:08:00,bccce723d5fea66f,Analista Administrativo Jr,Textil Patagonia,Remoto (Argentina),Jooble,69,74,4,0,False,
ae85869b-c29e-4de3-9c82-29ac5e120c4b,anon_8a1fd4a8f3,6e6e58dc-4383-4348-980b-0a8fc4da7e20,2026-05-23 15:08:00,7558bee31debd6be,Asistente Administrativo,Laboratorios BioSur,GBA Norte,Computrabajo,69,60,3,1,False,
ae85869b-c29e-4de3-9c82-29ac5e120c4b,anon_8a1fd4a8f3,6e6e58dc-4383-4348-980b-0a8fc4da7e20,2026-05-23 15:08:00,6832545c0d76772f,Administrativo Contable,Data Forge,Mendoza,Jooble,75,82,3,1,False,
ae85869b-c29e-4de3-9c82-29ac5e120c4b,anon_8a1fd4a8f3,6e6e58dc-4383-4348-980b-0a8fc4da7e20,2026-05-23 15:08:00,3858185c087f811a,Administrativo Contable,Consultora Delta,Remoto (Argentina),Computrabajo,72,60,2,2,False,
ae85869b-c29e-4de3-9c82-29ac5e120c4b,anon_8a1fd4a8f3,6e6e58dc-4383-4348-980b-0a8fc4da7e20,2026-05-23 15:08:00,f4f6c8ecefe24acd,Analista Administrativo Jr,Vitalis Salud,CABA,Jooble,48,48,4,1,True,2026-06-05 09:08:00
ae85869b-c29e-4de3-9c82-29ac5e120c4b,anon_8a1fd4a8f3,6e6e58dc-4383-4348-980b-0a8fc4da7e20,2026-05-23 15:08:00,7f13aa72862c7a85,Analista Administrativo Jr,Retail Horizonte,CABA,Jooble,72,62,3,0,True,2026-06-01 12:08:00
a1aabfb5-f377-4cae-b113-b859042fd6a3,anon_8a1fd4a8f3,6e6e58dc-4383-4348-980b-0a8fc4da7e20,2026-05-18 21:35:00,7a27caa2b3bc2534,Analista Administrativo Jr,Retail Horizonte,GBA Norte,Computrabajo,76,83,3,0,True,2026-05-30 10:35:00
a1aabfb5-f377-4cae-b113-b859042fd6a3,anon_8a1fd4a8f3,6e6e58dc-4383-4348-980b-0a8fc4da7e20,2026-05-18 21:35:00,e008bba2ef896aa6,Analista Administrativo Jr,Agro Insumos del Sur,Remoto (Argentina),Jooble,75,76,2,1,True,2026-06-03 08:35:00
a1aabfb5-f377-4cae-b113-b859042fd6a3,anon_8a1fd4a8f3,6e6e58dc-4383-4348-980b-0a8fc4da7e20,2026-05-18 21:35:00,cf4225d51ca1c891,Asistente Administrativo,Agro Insumos del Sur,Mendoza,Jooble,57,56,3,2,False,
a1aabfb5-f377-4cae-b113-b859042fd6a3,anon_8a1fd4a8f3,6e6e58dc-4383-4348-980b-0a8fc4da7e20,2026-05-18 21:35:00,1b68a8dde1c1a71f,Asistente Administrativo,Cloudberry Labs,Córdoba,Computrabajo,78,75,2,0,False,
a1aabfb5-f377-4cae-b113-b859042fd6a3,anon_8a1fd4a8f3,6e6e58dc-4383-4348-980b-0a8fc4da7e20,2026-05-18 21:35:00,9413661da0da07e9,Asistente Administrativo,Estudio Contable Medina,GBA Sur,Jooble,39,44,3,3,False,
a1aabfb5-f377-4cae-b113-b859042fd6a3,anon_8a1fd4a8f3,6e6e58dc-4383-4348-980b-0a8fc4da7e20,2026-05-18 21:35:00,9a4745999655d5c4,Asistente Administrativo,Vitalis Salud,Rosario,Jooble,55,51,4,0,False,
a1aabfb5-f377-4cae-b113-b859042fd6a3,anon_8a1fd4a8f3,6e6e58dc-4383-4348-980b-0a8fc4da7e20,2026-05-18 21:35:00,172b2534e0a617d8,Analista Administrativo Jr,Marketing Cono Sur,Mendoza,Computrabajo,74,77,3,0,False,
a1aabfb5-f377-4cae-b113-b859042fd6a3,anon_8a1fd4a8f3,6e6e58dc-4383-4348-980b-0a8fc4da7e20,2026-05-18 21:35:00,f494da309790d5a8,Analista Administrativo Jr,Data Forge,Mendoza,Computrabajo,81,82,4,1,False,
a1aabfb5-f377-4cae-b113-b859042fd6a3,anon_8a1fd4a8f3,6e6e58dc-4383-4348-980b-0a8fc4da7e20,2026-05-18 21:35:00,a019c1db968fe238,Asistente Administrativo,Textil Patagonia,GBA Norte,Jooble,60,66,4,3,False,
ead75b82-3135-49e0-aaa5-0a63ee4cc044,anon_8a1fd4a8f3,6e6e58dc-4383-4348-980b-0a8fc4da7e20,2026-05-21 18:19:00,371ea9616483ef55,Analista Administrativo Jr,Grupo Andina,GBA Norte,Jooble,58,67,3,3,False,
ead75b82-3135-49e0-aaa5-0a63ee4cc044,anon_8a1fd4a8f3,6e6e58dc-4383-4348-980b-0a8fc4da7e20,2026-05-21 18:19:00,145e9b308cee79bb,Administrativo Contable,Manufactura Rioplatense,Remoto (Argentina),Jooble,72,77,3,0,False,
ead75b82-3135-49e0-aaa5-0a63ee4cc044,anon_8a1fd4a8f3,6e6e58dc-4383-4348-980b-0a8fc4da7e20,2026-05-21 18:19:00,ed1523dfe758e952,Analista Administrativo Jr,TechNova Remote,Remoto (Argentina),Jooble,90,89,2,0,True,2026-05-30 09:19:00
ead75b82-3135-49e0-aaa5-0a63ee4cc044,anon_8a1fd4a8f3,6e6e58dc-4383-4348-980b-0a8fc4da7e20,2026-05-21 18:19:00,da4767fdca418cdd,Analista Administrativo Jr,Consultora Delta,Mendoza,Jooble,78,72,3,1,False,
ead75b82-3135-49e0-aaa5-0a63ee4cc044,anon_8a1fd4a8f3,6e6e58dc-4383-4348-980b-0a8fc4da7e20,2026-05-21 18:19:00,8f4936f2fa46ad39,Administrativo Contable,Grupo Andina,Remoto (Argentina),Computrabajo,85,79,4,0,False,
ead75b82-3135-49e0-aaa5-0a63ee4cc044,anon_8a1fd4a8f3,6e6e58dc-4383-4348-980b-0a8fc4da7e20,2026-05-21 18:19:00,13849828f9033728,Administrativo Contable,Marketing Cono Sur,Remoto (Argentina),Jooble,57,52,3,1,False,
ead75b82-3135-49e0-aaa5-0a63ee4cc044,anon_8a1fd4a8f3,6e6e58dc-4383-4348-980b-0a8fc4da7e20,2026-05-21 18:19:00,ed1523dfe758e952,Analista Administrativo Jr,TechNova Remote,Remoto (Argentina),Jooble,77,85,4,1,False,
ead75b82-3135-49e0-aaa5-0a63ee4cc044,anon_8a1fd4a8f3,6e6e58dc-4383-4348-980b-0a8fc4da7e20,2026-05-21 18:19:00,ed8d3d97361a4554,Administrativo Contable,Sistemas Australes,Remoto (Argentina),Jooble,52,59,4,2,False,
ead75b82-3135-49e0-aaa5-0a63ee4cc044,anon_8a1fd4a8f3,6e6e58dc-4383-4348-980b-0a8fc4da7e20,2026-05-21 18:19:00,39bcc67e21fdc888,Administrativo Contable,Banco Regional,Mendoza,Jooble,60,61,2,0,True,2026-06-04 16:19:00
8c7c76e7-2acc-4c81-b9e3-648e52001c86,anon_198a3660c0,a59e2b24-9add-45c6-a571-7c62541b7f4b,2026-08-01 10:26:00,74888c56728c7dc3,Asistente Administrativo,Marketing Cono Sur,CABA,Jooble,63,57,3,3,False,
8c7c76e7-2acc-4c81-b9e3-648e52001c86,anon_198a3660c0,a59e2b24-9add-45c6-a571-7c62541b7f4b,2026-08-01 10:26:00,0486c8e9361da3bc,Analista Administrativo Jr,Grupo Andina,Remoto (Argentina),Computrabajo,55,72,3,1,False,
8c7c76e7-2acc-4c81-b9e3-648e52001c86,anon_198a3660c0,a59e2b24-9add-45c6-a571-7c62541b7f4b,2026-08-01 10:26:00,f68503331c32d896,Asistente Administrativo,Marketing Cono Sur,Rosario,Computrabajo,82,80,3,0,True,2026-08-16 01:26:00
8c7c76e7-2acc-4c81-b9e3-648e52001c86,anon_198a3660c0,a59e2b24-9add-45c6-a571-7c62541b7f4b,2026-08-01 10:26:00,01284ed44e88048f,Administrativo Contable,Comercial Los Andes,Mendoza,Jooble,78,80,4,0,False,
8c7c76e7-2acc-4c81-b9e3-648e52001c86,anon_198a3660c0,a59e2b24-9add-45c6-a571-7c62541b7f4b,2026-08-01 10:26:00,288163804730edab,Asistente Administrativo,BioLab Argentina,CABA,Jooble,36,49,2,3,False,
8c7c76e7-2acc-4c81-b9e3-648e52001c86,anon_198a3660c0,a59e2b24-9add-45c6-a571-7c62541b7f4b,2026-08-01 10:26:00,a1e23e6c73d5b0a5,Administrativo Contable,NovaTech Solutions,GBA Sur,Jooble,51,57,3,3,False,
8c7c76e7-2acc-4c81-b9e3-648e52001c86,anon_198a3660c0,a59e2b24-9add-45c6-a571-7c62541b7f4b,2026-08-01 10:26:00,5392ce9b369508a3,Asistente Administrativo,Banco Regional,Córdoba,Computrabajo,52,42,3,0,False,
8c7c76e7-2acc-4c81-b9e3-648e52001c86,anon_198a3660c0,a59e2b24-9add-45c6-a571-7c62541b7f4b,2026-08-01 10:26:00,d66b6316370a1e96,Administrativo Contable,NovaTech Solutions,GBA Norte,Computrabajo,61,57,3,1,False,
8c7c76e7-2acc-4c81-b9e3-648e52001c86,anon_198a3660c0,a59e2b24-9add-45c6-a571-7c62541b7f4b,2026-08-01 10:26:00,04cf847cdd21b23b,Analista Administrativo Jr,Clínica San Rafael,GBA Sur,Jooble,79,78,4,0,False,
ac4f3ed1-b8ae-454d-9813-2bf02e06c07a,anon_198a3660c0,a59e2b24-9add-45c6-a571-7c62541b7f4b,2026-08-03 10:49:00,619a2dd569baa190,Asistente Administrativo,Laboratorios BioSur,GBA Sur,Jooble,78,72,2,0,False,
ac4f3ed1-b8ae-454d-9813-2bf02e06c07a,anon_198a3660c0,a59e2b24-9add-45c6-a571-7c62541b7f4b,2026-08-03 10:49:00,e008bba2ef896aa6,Analista Administrativo Jr,Agro Insumos del Sur,Remoto (Argentina),Jooble,58,62,4,0,False,
ac4f3ed1-b8ae-454d-9813-2bf02e06c07a,anon_198a3660c0,a59e2b24-9add-45c6-a571-7c62541b7f4b,2026-08-03 10:49:00,74888c56728c7dc3,Asistente Administrativo,Marketing Cono Sur,GBA Sur,Jooble,47,48,3,3,True,2026-08-16 06:49:00
ac4f3ed1-b8ae-454d-9813-2bf02e06c07a,anon_198a3660c0,a59e2b24-9add-45c6-a571-7c62541b7f4b,2026-08-03 10:49:00,1217713eadce8a44,Asistente Administrativo,Retail Horizonte,Mendoza,Jooble,69,70,4,1,False,
ac4f3ed1-b8ae-454d-9813-2bf02e06c07a,anon_198a3660c0,a59e2b24-9add-45c6-a571-7c62541b7f4b,2026-08-03 10:49:00,19284afa9c769f2c,Analista Administrativo Jr,Sistemas Australes,Remoto (Argentina),Jooble,75,77,3,0,False,
ac4f3ed1-b8ae-454d-9813-2bf02e06c07a,anon_198a3660c0,a59e2b24-9add-45c6-a571-7c62541b7f4b,2026-08-03 10:49:00,edea50dc351972c4,Administrativo Contable,Puerto Digital,Mendoza,Jooble,79,65,3,0,False,
ac4f3ed1-b8ae-454d-9813-2bf02e06c07a,anon_198a3660c0,a59e2b24-9add-45c6-a571-7c62541b7f4b,2026-08-03 10:49:00,ed8d3d97361a4554,Administrativo Contable,Sistemas Australes,Remoto (Argentina),Jooble,58,60,4,2,True,2026-08-10 12:49:00
e9a8a1f9-72d4-4c52-9f08-72a77a5296b9,anon_793583ce0a,b612ca03-a42a-4af7-bae7-37f7eb1a234d,2026-07-16 16:35:00,02b9eeda6df41501,Analista de Business Intelligence,Sistemas Australes,CABA,Computrabajo,59,50,3,1,False,
e9a8a1f9-72d4-4c52-9f08-72a77a5296b9,anon_793583ce0a,b612ca03-a42a-4af7-bae7-37f7eb1a234d,2026-07-16 16:35:00,a1240206becb7de8,BI Analyst,BioLab Argentina,Rosario,Computrabajo,60,70,3,1,False,
e9a8a1f9-72d4-4c52-9f08-72a77a5296b9,anon_793583ce0a,b612ca03-a42a-4af7-bae7-37f7eb1a234d,2026-07-16 16:35:00,f44b6abdafa20e41,BI Analyst,Textil Patagonia,CABA,Jooble,82,77,2,1,False,
e9a8a1f9-72d4-4c52-9f08-72a77a5296b9,anon_793583ce0a,b612ca03-a42a-4af7-bae7-37f7eb1a234d,2026-07-16 16:35:00,fd693d5f822cf5e6,Data Analyst Semi Senior,Clínica San Rafael,Córdoba,Jooble,50,60,2,2,False,
e9a8a1f9-72d4-4c52-9f08-72a77a5296b9,anon_793583ce0a,b612ca03-a42a-4af7-bae7-37f7eb1a234d,2026-07-16 16:35:00,0b123876d0085bb2,BI Analyst,Agro Insumos del Sur,GBA Sur,Computrabajo,35,41,3,1,True,2026-07-19 09:35:00
e9a8a1f9-72d4-4c52-9f08-72a77a5296b9,anon_793583ce0a,b612ca03-a42a-4af7-bae7-37f7eb1a234d,2026-07-16 16:35:00,7ecdface91ae21ee,BI Analyst,Retail Horizonte,Remoto (LATAM),Jobicy,56,50,3,3,False,
e9a8a1f9-72d4-4c52-9f08-72a77a5296b9,anon_793583ce0a,b612ca03-a42a-4af7-bae7-37f7eb1a234d,2026-07-16 16:35:00,94bfeb2c79ffb274,Analista de Datos Jr,Banco Regional,Remoto (LATAM),Himalayas,51,51,3,0,False,
8dbf81a6-dd57-4507-8811-b375f252b19a,anon_793583ce0a,b612ca03-a42a-4af7-bae7-37f7eb1a234d,2026-07-09 19:03:00,2eba04ffcc17343a,Data Analyst Semi Senior,BioLab Argentina,Remoto (Argentina),Himalayas,97,95,4,0,True,2026-07-25 04:03:00
8dbf81a6-dd57-4507-8811-b375f252b19a,anon_793583ce0a,b612ca03-a42a-4af7-bae7-37f7eb1a234d,2026-07-09 19:03:00,7db5660bea2104da,Analista de Business Intelligence,Textil Patagonia,CABA,Computrabajo,81,73,2,0,False,
8dbf81a6-dd57-4507-8811-b375f252b19a,anon_793583ce0a,b612ca03-a42a-4af7-bae7-37f7eb1a234d,2026-07-09 19:03:00,2f0d888fa1286228,BI Analyst,Consultora Delta,GBA Norte,Jooble,75,71,3,1,True,2026-07-20 17:03:00
8dbf81a6-dd57-4507-8811-b375f252b19a,anon_793583ce0a,b612ca03-a42a-4af7-bae7-37f7eb1a234d,2026-07-09 19:03:00,cc5c7acfb65171e8,BI Analyst,Puerto Digital,GBA Norte,Jooble,93,87,3,0,True,2026-07-18 15:03:00
8dbf81a6-dd57-4507-8811-b375f252b19a,anon_793583ce0a,b612ca03-a42a-4af7-bae7-37f7eb1a234d,2026-07-09 19:03:00,928039244b274bcf,Data Analyst Semi Senior,Banco Regional,Remoto (Argentina),RemoteOK,49,47,3,2,True,2026-07-20 17:03:00
8dbf81a6-dd57-4507-8811-b375f252b19a,anon_793583ce0a,b612ca03-a42a-4af7-bae7-37f7eb1a234d,2026-07-09 19:03:00,c57cb5afe1df7915,Analista de Business Intelligence,Banco Regional,Córdoba,Computrabajo,58,67,3,0,False,
8dbf81a6-dd57-4507-8811-b375f252b19a,anon_793583ce0a,b612ca03-a42a-4af7-bae7-37f7eb1a234d,2026-07-09 19:03:00,74899363af052e2a,BI Analyst,Grupo Andina,Mendoza,Jooble,67,82,4,1,True,2026-07-16 10:03:00
a26c3b36-0acc-4c32-b7ea-f2c7c85dc957,anon_b7061fba8a,773e7315-84dc-4787-bcf5-6fd89abea1f4,2026-07-12 11:37:00,15c1e87909f39ea8,Analista Administrativo Jr,Sistemas Australes,Córdoba,Computrabajo,55,63,3,2,False,
a26c3b36-0acc-4c32-b7ea-f2c7c85dc957,anon_b7061fba8a,773e7315-84dc-4787-bcf5-6fd89abea1f4,2026-07-12 11:37:00,6832545c0d76772f,Administrativo Contable,Data Forge,Córdoba,Jooble,73,61,3,0,True,2026-07-21 21:37:00
a26c3b36-0acc-4c32-b7ea-f2c7c85dc957,anon_b7061fba8a,773e7315-84dc-4787-bcf5-6fd89abea1f4,2026-07-12 11:37:00,47a8048eb36ba23b,Administrativo Contable,Comercial Los Andes,Remoto (Argentina),Computrabajo,90,94,3,1,True,2026-07-29 22:37:00
a26c3b36-0acc-4c32-b7ea-f2c7c85dc957,anon_b7061fba8a,773e7315-84dc-4787-bcf5-6fd89abea1f4,2026-07-12 11:37:00,15c1e87909f39ea8,Analista Administrativo Jr,Sistemas Australes,Remoto (Argentina),Computrabajo,46,46,3,2,False,
a26c3b36-0acc-4c32-b7ea-f2c7c85dc957,anon_b7061fba8a,773e7315-84dc-4787-bcf5-6fd89abea1f4,2026-07-12 11:37:00,619a2dd569baa190,Asistente Administrativo,Laboratorios BioSur,Mendoza,Jooble,77,73,4,0,True,2026-07-30 11:37:00
a26c3b36-0acc-4c32-b7ea-f2c7c85dc957,anon_b7061fba8a,773e7315-84dc-4787-bcf5-6fd89abea1f4,2026-07-12 11:37:00,f4f6c8ecefe24acd,Analista Administrativo Jr,Vitalis Salud,Remoto (Argentina),Jooble,83,86,3,0,False,
a26c3b36-0acc-4c32-b7ea-f2c7c85dc957,anon_b7061fba8a,773e7315-84dc-4787-bcf5-6fd89abea1f4,2026-07-12 11:37:00,b89d50b833a60d27,Asistente Administrativo,Manufactura Rioplatense,Córdoba,Computrabajo,83,82,2,1,False,
a26c3b36-0acc-4c32-b7ea-f2c7c85dc957,anon_b7061fba8a,773e7315-84dc-4787-bcf5-6fd89abea1f4,2026-07-12 11:37:00,01284ed44e88048f,Administrativo Contable,Comercial Los Andes,Rosario,Jooble,79,69,3,2,False,
a26c3b36-0acc-4c32-b7ea-f2c7c85dc957,anon_b7061fba8a,773e7315-84dc-4787-bcf5-6fd89abea1f4,2026-07-12 11:37:00,c3e0e60bf5775c23,Analista Administrativo Jr,Banco Regional,GBA Sur,Computrabajo,67,77,2,1,False,
c7932fd9-cef8-432d-84a8-9df7011c9bde,anon_b7061fba8a,773e7315-84dc-4787-bcf5-6fd89abea1f4,2026-06-18 14:35:00,1db1e25d4075c79d,Asistente Administrativo,Puerto Digital,Remoto (Argentina),Computrabajo,53,56,3,1,True,2026-07-05 12:35:00
c7932fd9-cef8-432d-84a8-9df7011c9bde,anon_b7061fba8a,773e7315-84dc-4787-bcf5-6fd89abea1f4,2026-06-18 14:35:00,27be135d1dd2b02b,Asistente Administrativo,Comercial Los Andes,Remoto (Argentina),Computrabajo,72,81,3,0,False,
c7932fd9-cef8-432d-84a8-9df7011c9bde,anon_b7061fba8a,773e7315-84dc-4787-bcf5-6fd89abea1f4,2026-06-18 14:35:00,43f3981f7b90d347,Administrativo Contable,Manufactura Rioplatense,GBA Sur,Computrabajo,88,83,2,1,False,
c7932fd9-cef8-432d-84a8-9df7011c9bde,anon_b7061fba8a,773e7315-84dc-4787-bcf5-6fd89abea1f4,2026-06-18 14:35:00,1217713eadce8a44,Asistente Administrativo,Retail Horizonte,Remoto (Argentina),Jooble,86,91,4,1,False,
c7932fd9-cef8-432d-84a8-9df7011c9bde,anon_b7061fba8a,773e7315-84dc-4787-bcf5-6fd89abea1f4,2026-06-18 14:35:00,e56f3502b5b6a8af,Analista Administrativo Jr,Consultora Delta,Remoto (Argentina),Computrabajo,58,75,4,1,True,2026-06-21 21:35:00
c7932fd9-cef8-432d-84a8-9df7011c9bde,anon_b7061fba8a,773e7315-84dc-4787-bcf5-6fd89abea1f4,2026-06-18 14:35:00,47aced8f25b4b20c,Analista Administrativo Jr,Textil Patagonia,Mendoza,Computrabajo,46,50,4,0,False,
c7932fd9-cef8-432d-84a8-9df7011c9bde,anon_b7061fba8a,773e7315-84dc-4787-bcf5-6fd89abea1f4,2026-06-18 14:35:00,edea50dc351972c4,Administrativo Contable,Puerto Digital,GBA Sur,Jooble,97,85,3,1,False,
c7932fd9-cef8-432d-84a8-9df7011c9bde,anon_b7061fba8a,773e7315-84dc-4787-bcf5-6fd89abea1f4,2026-06-18 14:35:00,339cb7fedf177f00,Administrativo Contable,Agro Insumos del Sur,Rosario,Jooble,79,75,2,0,True,2026-07-09 02:35:00
c7932fd9-cef8-432d-84a8-9df7011c9bde,anon_b7061fba8a,773e7315-84dc-4787-bcf5-6fd89abea1f4,2026-06-18 14:35:00,e008bba2ef896aa6,Analista Administrativo Jr,Agro Insumos del Sur,Rosario,Jooble,48,53,4,2,True,2026-07-03 23:35:00
c7932fd9-cef8-432d-84a8-9df7011c9bde,anon_b7061fba8a,773e7315-84dc-4787-bcf5-6fd89abea1f4,2026-06-18 14:35:00,8f810b3bbb022d66,Analista Administrativo Jr,Marketing Cono Sur,Córdoba,Jooble,90,89,4,1,False,
fd659666-049f-4ea5-9c84-c2c70e5b7170,anon_b7061fba8a,773e7315-84dc-4787-bcf5-6fd89abea1f4,2026-06-27 16:54:00,47a8048eb36ba23b,Administrativo Contable,Comercial Los Andes,CABA,Computrabajo,51,59,2,2,False,
fd659666-049f-4ea5-9c84-c2c70e5b7170,anon_b7061fba8a,773e7315-84dc-4787-bcf5-6fd89abea1f4,2026-06-27 16:54:00,6312b2e360921248,Analista Administrativo Jr,Comercial Los Andes,Rosario,Jooble,79,83,4,0,False,
fd659666-049f-4ea5-9c84-c2c70e5b7170,anon_b7061fba8a,773e7315-84dc-4787-bcf5-6fd89abea1f4,2026-06-27 16:54:00,cf4225d51ca1c891,Asistente Administrativo,Agro Insumos del Sur,GBA Sur,Jooble,60,58,4,1,True,2026-06-30 01:54:00
fd659666-049f-4ea5-9c84-c2c70e5b7170,anon_b7061fba8a,773e7315-84dc-4787-bcf5-6fd89abea1f4,2026-06-27 16:54:00,2cadcdabef9c0b19,Asistente Administrativo,NovaTech Solutions,Mendoza,Jooble,58,53,3,2,False,
fd659666-049f-4ea5-9c84-c2c70e5b7170,anon_b7061fba8a,773e7315-84dc-4787-bcf5-6fd89abea1f4,2026-06-27 16:54:00,af8df7916b6a3ac5,Administrativo Contable,Clínica San Rafael,Rosario,Jooble,79,84,2,1,True,2026-07-14 01:54:00
fd659666-049f-4ea5-9c84-c2c70e5b7170,anon_b7061fba8a,773e7315-84dc-4787-bcf5-6fd89abea1f4,2026-06-27 16:54:00,f494da309790d5a8,Analista Administrativo Jr,Data Forge,Córdoba,Computrabajo,96,90,2,0,False,
fd659666-049f-4ea5-9c84-c2c70e5b7170,anon_b7061fba8a,773e7315-84dc-4787-bcf5-6fd89abea1f4,2026-06-27 16:54:00,44bc8fed6ffa7037,Analista Administrativo Jr,Comercial Los Andes,Remoto (Argentina),Computrabajo,77,71,4,1,True,2026-07-10 13:54:00
fd659666-049f-4ea5-9c84-c2c70e5b7170,anon_b7061fba8a,773e7315-84dc-4787-bcf5-6fd89abea1f4,2026-06-27 16:54:00,76c4d590bc8c84a3,Analista Administrativo Jr,Banco Regional,Remoto (Argentina),Jooble,78,74,2,1,False,
5894dd1c-6e47-4799-b9b4-d27b47d0f77c,anon_b7061fba8a,773e7315-84dc-4787-bcf5-6fd89abea1f4,2026-06-18 18:56:00,7461ee3c0d8ccca4,Asistente Administrativo,TechNova Remote,CABA,Jooble,63,74,2,1,True,2026-06-21 03:56:00
5894dd1c-6e47-4799-b9b4-d27b47d0f77c,anon_b7061fba8a,773e7315-84dc-4787-bcf5-6fd89abea1f4,2026-06-18 18:56:00,619a2dd569baa190,Asistente Administrativo,Laboratorios BioSur,Rosario,Jooble,55,53,3,3,False,
5894dd1c-6e47-4799-b9b4-d27b47d0f77c,anon_b7061fba8a,773e7315-84dc-4787-bcf5-6fd89abea1f4,2026-06-18 18:56:00,8f810b3bbb022d66,Analista Administrativo Jr,Marketing Cono Sur,Mendoza,Jooble,85,77,4,1,False,
5894dd1c-6e47-4799-b9b4-d27b47d0f77c,anon_b7061fba8a,773e7315-84dc-4787-bcf5-6fd89abea1f4,2026-06-18 18:56:00,6951e8a910b15327,Asistente Administrativo,NovaTech Solutions,GBA Norte,Computrabajo,60,67,3,1,True,2026-07-01 11:56:00
5894dd1c-6e47-4799-b9b4-d27b47d0f77c,anon_b7061fba8a,773e7315-84dc-4787-bcf5-6fd89abea1f4,2026-06-18 18:56:00,9f0957f1e52d7ec1,Analista Administrativo Jr,Cloudberry Labs,GBA Sur,Jooble,66,56,2,3,False,
5894dd1c-6e47-4799-b9b4-d27b47d0f77c,anon_b7061fba8a,773e7315-84dc-4787-bcf5-6fd89abea1f4,2026-06-18 18:56:00,98ccbb32da32d9ad,Analista Administrativo Jr,TechNova Remote,CABA,Computrabajo,88,79,2,0,False,
5894dd1c-6e47-4799-b9b4-d27b47d0f77c,anon_b7061fba8a,773e7315-84dc-4787-bcf5-6fd89abea1f4,2026-06-18 18:56:00,3858185c087f811a,Administrativo Contable,Consultora Delta,Rosario,Computrabajo,60,57,2,2,False,
5894dd1c-6e47-4799-b9b4-d27b47d0f77c,anon_b7061fba8a,773e7315-84dc-4787-bcf5-6fd89abea1f4,2026-06-18 18:56:00,371ea9616483ef55,Analista Administrativo Jr,Grupo Andina,GBA Norte,Jooble,97,93,2,1,True,2026-06-19 22:56:00
5894dd1c-6e47-4799-b9b4-d27b47d0f77c,anon_b7061fba8a,773e7315-84dc-4787-bcf5-6fd89abea1f4,2026-06-18 18:56:00,d7675f72d545a895,Administrativo Contable,Cloudberry Labs,GBA Norte,Computrabajo,77,72,4,0,False,
5894dd1c-6e47-4799-b9b4-d27b47d0f77c,anon_b7061fba8a,773e7315-84dc-4787-bcf5-6fd89abea1f4,2026-06-18 18:56:00,469feb4f30511e02,Administrativo Contable,Consultora Delta,Remoto (Argentina),Jooble,65,64,3,0,False,
82cd7997-1199-46de-a8bf-6f83b3e18b54,anon_1568f735a9,f9880e63-2698-4fee-8c01-777627b3a4fc,2026-07-31 19:33:00,976bd3aa34b40b14,Asistente Administrativo,Grupo Andina,Córdoba,Jooble,79,82,2,1,False,
82cd7997-1199-46de-a8bf-6f83b3e18b54,anon_1568f735a9,f9880e63-2698-4fee-8c01-777627b3a4fc,2026-07-31 19:33:00,7461ee3c0d8ccca4,Asistente Administrativo,TechNova Remote,GBA Norte,Jooble,61,60,3,2,False,
82cd7997-1199-46de-a8bf-6f83b3e18b54,anon_1568f735a9,f9880e63-2698-4fee-8c01-777627b3a4fc,2026-07-31 19:33:00,bccce723d5fea66f,Analista Administrativo Jr,Textil Patagonia,Rosario,Jooble,68,67,3,1,False,
82cd7997-1199-46de-a8bf-6f83b3e18b54,anon_1568f735a9,f9880e63-2698-4fee-8c01-777627b3a4fc,2026-07-31 19:33:00,bf32c130ce3a8672,Administrativo Contable,Vitalis Salud,Córdoba,Jooble,62,65,3,0,False,
82cd7997-1199-46de-a8bf-6f83b3e18b54,anon_1568f735a9,f9880e63-2698-4fee-8c01-777627b3a4fc,2026-07-31 19:33:00,76c4d590bc8c84a3,Analista Administrativo Jr,Banco Regional,GBA Norte,Jooble,72,75,2,0,False,
82cd7997-1199-46de-a8bf-6f83b3e18b54,anon_1568f735a9,f9880e63-2698-4fee-8c01-777627b3a4fc,2026-07-31 19:33:00,8690fa65cca1d213,Analista Administrativo Jr,Cloudberry Labs,Rosario,Computrabajo,47,47,4,2,True,2026-08-13 16:33:00
82cd7997-1199-46de-a8bf-6f83b3e18b54,anon_1568f735a9,f9880e63-2698-4fee-8c01-777627b3a4fc,2026-07-31 19:33:00,6951e8a910b15327,Asistente Administrativo,NovaTech Solutions,Rosario,Computrabajo,69,62,4,1,False,
82cd7997-1199-46de-a8bf-6f83b3e18b54,anon_1568f735a9,f9880e63-2698-4fee-8c01-777627b3a4fc,2026-07-31 19:33:00,d7675f72d545a895,Administrativo Contable,Cloudberry Labs,GBA Sur,Computrabajo,56,51,4,2,False,
7bc2c6de-8b3a-40c1-bcf1-0e529b537248,anon_b119044519,7a7e66fd-0320-4711-9c39-eb7147427680,2026-07-17 21:52:00,68a51884cd854fae,Desarrollador Backend Jr,TechNova Remote,Remoto (LATAM),Himalayas,41,43,3,2,True,2026-07-23 15:52:00
7bc2c6de-8b3a-40c1-bcf1-0e529b537248,anon_b119044519,7a7e66fd-0320-4711-9c39-eb7147427680,2026-07-17 21:52:00,e4bda0bad24ffed9,Desarrollador de Software Semi Senior,Consultora Delta,Mendoza,Jooble,97,91,4,0,False,
7bc2c6de-8b3a-40c1-bcf1-0e529b537248,anon_b119044519,7a7e66fd-0320-4711-9c39-eb7147427680,2026-07-17 21:52:00,c47dce636a4ce6f0,Desarrollador de Software Semi Senior,Vitalis Salud,GBA Norte,Computrabajo,62,64,2,0,True,2026-08-06 22:52:00
7bc2c6de-8b3a-40c1-bcf1-0e529b537248,anon_b119044519,7a7e66fd-0320-4711-9c39-eb7147427680,2026-07-17 21:52:00,1a5f9400a2ff0f26,Desarrollador Backend Jr,Banco Regional,Córdoba,Computrabajo,57,69,3,3,False,
7bc2c6de-8b3a-40c1-bcf1-0e529b537248,anon_b119044519,7a7e66fd-0320-4711-9c39-eb7147427680,2026-07-17 21:52:00,046bcaac67af534e,Desarrollador Backend Jr,Cloudberry Labs,GBA Sur,Computrabajo,68,75,2,1,True,2026-08-06 22:52:00
7bc2c6de-8b3a-40c1-bcf1-0e529b537248,anon_b119044519,7a7e66fd-0320-4711-9c39-eb7147427680,2026-07-17 21:52:00,c843b06974571b1d,Desarrollador Backend Jr,Clínica San Rafael,GBA Norte,Jooble,73,78,3,1,False,
7bc2c6de-8b3a-40c1-bcf1-0e529b537248,anon_b119044519,7a7e66fd-0320-4711-9c39-eb7147427680,2026-07-17 21:52:00,2a0f2162c67613ae,Desarrollador Backend Jr,Sistemas Australes,Remoto (Argentina),Jobicy,47,52,2,2,False,
7bc2c6de-8b3a-40c1-bcf1-0e529b537248,anon_b119044519,7a7e66fd-0320-4711-9c39-eb7147427680,2026-07-17 21:52:00,bd84798f734f4f0e,Desarrollador Backend Jr,Vitalis Salud,CABA,Jooble,82,83,4,1,False,
7bc2c6de-8b3a-40c1-bcf1-0e529b537248,anon_b119044519,7a7e66fd-0320-4711-9c39-eb7147427680,2026-07-17 21:52:00,b3451a52a7915f29,Desarrollador de Software Semi Senior,Textil Patagonia,CABA,Jooble,97,91,4,1,False,
7bc2c6de-8b3a-40c1-bcf1-0e529b537248,anon_b119044519,7a7e66fd-0320-4711-9c39-eb7147427680,2026-07-17 21:52:00,d2dd80eae9564943,Desarrollador Backend Jr,Vitalis Salud,Remoto (Argentina),RemoteOK,82,67,4,3,True,2026-07-28 20:52:00
87bcd29d-04b4-4035-815f-aca90c3652ab,anon_b119044519,7a7e66fd-0320-4711-9c39-eb7147427680,2026-06-24 14:49:00,b51b6465f6ce2ef0,Desarrollador Backend Jr,Manufactura Rioplatense,Remoto (Argentina),Jobicy,79,86,2,0,True,2026-07-03 20:49:00
87bcd29d-04b4-4035-815f-aca90c3652ab,anon_b119044519,7a7e66fd-0320-4711-9c39-eb7147427680,2026-06-24 14:49:00,00c5482dce4a413d,Full Stack Developer,TechNova Remote,Remoto (Argentina),Jooble,83,74,4,0,False,
87bcd29d-04b4-4035-815f-aca90c3652ab,anon_b119044519,7a7e66fd-0320-4711-9c39-eb7147427680,2026-06-24 14:49:00,14ecd030b3c3fde2,Desarrollador de Software Semi Senior,BioLab Argentina,Remoto (LATAM),Jobicy,80,83,3,0,False,
87bcd29d-04b4-4035-815f-aca90c3652ab,anon_b119044519,7a7e66fd-0320-4711-9c39-eb7147427680,2026-06-24 14:49:00,d336e20c8c16361d,Frontend Developer,Banco Regional,Remoto (LATAM),Jobicy,66,69,3,2,False,
87bcd29d-04b4-4035-815f-aca90c3652ab,anon_b119044519,7a7e66fd-0320-4711-9c39-eb7147427680,2026-06-24 14:49:00,12b37b8b6a1763a6,Desarrollador Backend Jr,Cloudberry Labs,Remoto (Argentina),RemoteOK,77,74,3,1,False,
87bcd29d-04b4-4035-815f-aca90c3652ab,anon_b119044519,7a7e66fd-0320-4711-9c39-eb7147427680,2026-06-24 14:49:00,5e8339f821665927,Desarrollador Backend Jr,Puerto Digital,Remoto (Argentina),Himalayas,62,62,4,3,True,2026-06-27 04:49:00
87bcd29d-04b4-4035-815f-aca90c3652ab,anon_b119044519,7a7e66fd-0320-4711-9c39-eb7147427680,2026-06-24 14:49:00,4c41d68250c38966,Desarrollador Backend Jr,Data Forge,Remoto (Argentina),WeWorkRemotely,71,69,3,3,False,
ef011071-8f76-493f-a0a5-a96836532fa5,anon_b119044519,7a7e66fd-0320-4711-9c39-eb7147427680,2026-07-04 14:23:00,9e6ff58550ff2553,Desarrollador de Software Semi Senior,Vitalis Salud,Remoto (Argentina),RemoteOK,84,79,2,1,False,
ef011071-8f76-493f-a0a5-a96836532fa5,anon_b119044519,7a7e66fd-0320-4711-9c39-eb7147427680,2026-07-04 14:23:00,b3451a52a7915f29,Desarrollador de Software Semi Senior,Textil Patagonia,Remoto (Argentina),Jooble,86,74,2,1,False,
ef011071-8f76-493f-a0a5-a96836532fa5,anon_b119044519,7a7e66fd-0320-4711-9c39-eb7147427680,2026-07-04 14:23:00,a055f7f011e7b4c7,Full Stack Developer,Cloudberry Labs,Mendoza,Jooble,68,76,2,1,False,
ef011071-8f76-493f-a0a5-a96836532fa5,anon_b119044519,7a7e66fd-0320-4711-9c39-eb7147427680,2026-07-04 14:23:00,85d2664e3529490c,Desarrollador Backend Jr,Textil Patagonia,Mendoza,Computrabajo,84,80,4,0,False,
ef011071-8f76-493f-a0a5-a96836532fa5,anon_b119044519,7a7e66fd-0320-4711-9c39-eb7147427680,2026-07-04 14:23:00,a915b3db30b8d7a8,Frontend Developer,Grupo Andina,GBA Norte,Computrabajo,79,89,3,1,True,2026-07-09 18:23:00
ef011071-8f76-493f-a0a5-a96836532fa5,anon_b119044519,7a7e66fd-0320-4711-9c39-eb7147427680,2026-07-04 14:23:00,4ab20ed6a539d963,Desarrollador Backend Jr,Textil Patagonia,Remoto (Argentina),RemoteOK,58,69,4,0,False,
ef011071-8f76-493f-a0a5-a96836532fa5,anon_b119044519,7a7e66fd-0320-4711-9c39-eb7147427680,2026-07-04 14:23:00,0d746470aaa2d40b,Full Stack Developer,TechNova Remote,GBA Norte,Computrabajo,53,56,4,1,False,
ef011071-8f76-493f-a0a5-a96836532fa5,anon_b119044519,7a7e66fd-0320-4711-9c39-eb7147427680,2026-07-04 14:23:00,389602fa711455e6,Desarrollador de Software Semi Senior,Cloudberry Labs,Remoto (Argentina),Jobicy,82,91,2,1,False,
9bb81208-6733-4d26-9b7d-0e41d8b18c88,anon_b119044519,7a7e66fd-0320-4711-9c39-eb7147427680,2026-06-23 21:50:00,c114444428d40422,Full Stack Developer,Cloudberry Labs,Remoto (LATAM),Jobicy,61,68,3,2,False,
9bb81208-6733-4d26-9b7d-0e41d8b18c88,anon_b119044519,7a7e66fd-0320-4711-9c39-eb7147427680,2026-06-23 21:50:00,da4110ddc59ab525,Desarrollador de Software Semi Senior,Estudio Contable Medina,Remoto (Argentina),RemoteOK,92,84,4,1,False,
9bb81208-6733-4d26-9b7d-0e41d8b18c88,anon_b119044519,7a7e66fd-0320-4711-9c39-eb7147427680,2026-06-23 21:50:00,28a6ce47a4ccb86a,Desarrollador Backend Jr,Textil Patagonia,GBA Norte,Jooble,63,60,3,1,True,2026-07-02 11:50:00
9bb81208-6733-4d26-9b7d-0e41d8b18c88,anon_b119044519,7a7e66fd-0320-4711-9c39-eb7147427680,2026-06-23 21:50:00,a915b3db30b8d7a8,Frontend Developer,Grupo Andina,Córdoba,Computrabajo,71,69,2,2,True,2026-06-28 19:50:00
9bb81208-6733-4d26-9b7d-0e41d8b18c88,anon_b119044519,7a7e66fd-0320-4711-9c39-eb7147427680,2026-06-23 21:50:00,7714409694c0bbb1,Frontend Developer,Retail Horizonte,GBA Sur,Jooble,97,86,4,1,False,
9bb81208-6733-4d26-9b7d-0e41d8b18c88,anon_b119044519,7a7e66fd-0320-4711-9c39-eb7147427680,2026-06-23 21:50:00,d44d8335aed4c118,Desarrollador de Software Semi Senior,Puerto Digital,Remoto (Argentina),Jobicy,43,42,2,3,False,
9bb81208-6733-4d26-9b7d-0e41d8b18c88,anon_b119044519,7a7e66fd-0320-4711-9c39-eb7147427680,2026-06-23 21:50:00,fec8fd36baa8a422,Full Stack Developer,Textil Patagonia,GBA Norte,Jooble,70,66,2,3,True,2026-07-10 16:50:00
9bb81208-6733-4d26-9b7d-0e41d8b18c88,anon_b119044519,7a7e66fd-0320-4711-9c39-eb7147427680,2026-06-23 21:50:00,b51b6465f6ce2ef0,Desarrollador Backend Jr,Manufactura Rioplatense,Remoto (Argentina),Jobicy,68,61,2,3,False,
9bb81208-6733-4d26-9b7d-0e41d8b18c88,anon_b119044519,7a7e66fd-0320-4711-9c39-eb7147427680,2026-06-23 21:50:00,c50a959d2e923913,Desarrollador Backend Jr,Manufactura Rioplatense,Remoto (Argentina),WeWorkRemotely,89,89,3,0,False,
b630e8b4-b421-4b28-b9b6-7a892d3883b5,anon_a1e8211725,1d039c0f-b771-4045-9d4b-230def35eb79,2026-07-16 14:16:00,e6c249e713078f78,Técnico en Biología,Consultora Delta,Mendoza,Jooble,81,74,2,1,True,2026-08-04 00:16:00
b630e8b4-b421-4b28-b9b6-7a892d3883b5,anon_a1e8211725,1d039c0f-b771-4045-9d4b-230def35eb79,2026-07-16 14:16:00,203e26c46dcd6644,Analista de Laboratorio Jr,Puerto Digital,Córdoba,Computrabajo,79,73,2,0,False,
b630e8b4-b421-4b28-b9b6-7a892d3883b5,anon_a1e8211725,1d039c0f-b771-4045-9d4b-230def35eb79,2026-07-16 14:16:00,07069ead24d95e34,Técnico en Biología,NovaTech Solutions,CABA,Jooble,85,80,4,1,False,
b630e8b4-b421-4b28-b9b6-7a892d3883b5,anon_a1e8211725,1d039c0f-b771-4045-9d4b-230def35eb79,2026-07-16 14:16:00,fc6617f4acbfb650,Técnico en Biología,Banco Regional,Mendoza,Jooble,52,56,2,2,False,
b630e8b4-b421-4b28-b9b6-7a892d3883b5,anon_a1e8211725,1d039c0f-b771-4045-9d4b-230def35eb79,2026-07-16 14:16:00,fc6617f4acbfb650,Técnico en Biología,Banco Regional,GBA Sur,Jooble,61,67,3,3,False,
b630e8b4-b421-4b28-b9b6-7a892d3883b5,anon_a1e8211725,1d039c0f-b771-4045-9d4b-230def35eb79,2026-07-16 14:16:00,34a98d13cbc98b56,Técnico en Biología,Sistemas Australes,Remoto (Argentina),Jooble,74,70,4,0,False,
0edc001e-e997-43c3-baf9-5551b100ca2c,anon_1568f735a9,3849f759-d486-4b39-b077-63d8ed9a563c,2026-05-31 11:34:00,73eac04f6f5c4459,Frontend Developer,Laboratorios BioSur,Mendoza,Jooble,51,61,4,1,False,
0edc001e-e997-43c3-baf9-5551b100ca2c,anon_1568f735a9,3849f759-d486-4b39-b077-63d8ed9a563c,2026-05-31 11:34:00,f8fdebe93976628f,Desarrollador de Software Semi Senior,NovaTech Solutions,Remoto (LATAM),Jobicy,77,73,3,1,False,
0edc001e-e997-43c3-baf9-5551b100ca2c,anon_1568f735a9,3849f759-d486-4b39-b077-63d8ed9a563c,2026-05-31 11:34:00,1a266193cf595d20,Desarrollador Backend Jr,Consultora Delta,Remoto (LATAM),Jobicy,67,64,2,0,False,
0edc001e-e997-43c3-baf9-5551b100ca2c,anon_1568f735a9,3849f759-d486-4b39-b077-63d8ed9a563c,2026-05-31 11:34:00,3f44d6ca9b3ac7c8,Desarrollador de Software Semi Senior,NovaTech Solutions,GBA Norte,Jooble,69,79,3,1,False,
0edc001e-e997-43c3-baf9-5551b100ca2c,anon_1568f735a9,3849f759-d486-4b39-b077-63d8ed9a563c,2026-05-31 11:34:00,c5cdf283aa94cc9f,Desarrollador Backend Jr,TechNova Remote,Córdoba,Jooble,81,89,4,0,False,
0edc001e-e997-43c3-baf9-5551b100ca2c,anon_1568f735a9,3849f759-d486-4b39-b077-63d8ed9a563c,2026-05-31 11:34:00,b17e6f0985794e6a,Frontend Developer,Banco Regional,CABA,Jooble,52,43,3,1,False,
0edc001e-e997-43c3-baf9-5551b100ca2c,anon_1568f735a9,3849f759-d486-4b39-b077-63d8ed9a563c,2026-05-31 11:34:00,ee33b92b00a8957d,Desarrollador Backend Jr,Banco Regional,Remoto (LATAM),RemoteOK,49,57,2,3,True,2026-06-04 01:34:00
0edc001e-e997-43c3-baf9-5551b100ca2c,anon_1568f735a9,3849f759-d486-4b39-b077-63d8ed9a563c,2026-05-31 11:34:00,5fb18de72e68f701,Full Stack Developer,Puerto Digital,Remoto (LATAM),WeWorkRemotely,68,75,4,0,False,
fe8a03c7-35e0-4799-9413-c4c2321862c1,anon_1568f735a9,3849f759-d486-4b39-b077-63d8ed9a563c,2026-06-16 11:45:00,05cc4f2fccb6b81b,Frontend Developer,Manufactura Rioplatense,GBA Norte,Jooble,81,80,4,1,False,
fe8a03c7-35e0-4799-9413-c4c2321862c1,anon_1568f735a9,3849f759-d486-4b39-b077-63d8ed9a563c,2026-06-16 11:45:00,86a7a5d1780daf0c,Desarrollador de Software Semi Senior,Marketing Cono Sur,CABA,Jooble,55,47,4,3,False,
fe8a03c7-35e0-4799-9413-c4c2321862c1,anon_1568f735a9,3849f759-d486-4b39-b077-63d8ed9a563c,2026-06-16 11:45:00,9e6ff58550ff2553,Desarrollador de Software Semi Senior,Vitalis Salud,Remoto (Argentina),RemoteOK,51,52,4,3,False,
fe8a03c7-35e0-4799-9413-c4c2321862c1,anon_1568f735a9,3849f759-d486-4b39-b077-63d8ed9a563c,2026-06-16 11:45:00,5ae6cf26169aad84,Full Stack Developer,Marketing Cono Sur,Remoto (Argentina),Jobicy,81,78,3,0,False,
fe8a03c7-35e0-4799-9413-c4c2321862c1,anon_1568f735a9,3849f759-d486-4b39-b077-63d8ed9a563c,2026-06-16 11:45:00,43d0702255fc369a,Desarrollador Backend Jr,Laboratorios BioSur,GBA Sur,Computrabajo,50,55,4,2,False,
fe8a03c7-35e0-4799-9413-c4c2321862c1,anon_1568f735a9,3849f759-d486-4b39-b077-63d8ed9a563c,2026-06-16 11:45:00,7073174473987699,Desarrollador Backend Jr,Banco Regional,Rosario,Jooble,70,60,4,2,False,
fe8a03c7-35e0-4799-9413-c4c2321862c1,anon_1568f735a9,3849f759-d486-4b39-b077-63d8ed9a563c,2026-06-16 11:45:00,e0e14001bb355438,Full Stack Developer,BioLab Argentina,Remoto (Argentina),Himalayas,44,55,4,2,True,2026-06-17 13:45:00
93337be1-269a-41e1-9a39-4b63e631aba7,anon_1568f735a9,3849f759-d486-4b39-b077-63d8ed9a563c,2026-05-11 19:49:00,b637f4220630ad2b,Frontend Developer,Clínica San Rafael,Remoto (LATAM),Jobicy,62,73,3,0,False,
93337be1-269a-41e1-9a39-4b63e631aba7,anon_1568f735a9,3849f759-d486-4b39-b077-63d8ed9a563c,2026-05-11 19:49:00,dded07770687b7a6,Frontend Developer,Textil Patagonia,Remoto (Argentina),Computrabajo,74,80,2,0,False,
93337be1-269a-41e1-9a39-4b63e631aba7,anon_1568f735a9,3849f759-d486-4b39-b077-63d8ed9a563c,2026-05-11 19:49:00,41bb647c9e1c31e7,Desarrollador de Software Semi Senior,Puerto Digital,Rosario,Jooble,57,53,4,2,False,
93337be1-269a-41e1-9a39-4b63e631aba7,anon_1568f735a9,3849f759-d486-4b39-b077-63d8ed9a563c,2026-05-11 19:49:00,bf0ba20dc3231562,Frontend Developer,Comercial Los Andes,GBA Sur,Jooble,74,70,3,0,False,
93337be1-269a-41e1-9a39-4b63e631aba7,anon_1568f735a9,3849f759-d486-4b39-b077-63d8ed9a563c,2026-05-11 19:49:00,a5cf286541fcf2ea,Full Stack Developer,Laboratorios BioSur,Córdoba,Jooble,86,83,2,1,False,
93337be1-269a-41e1-9a39-4b63e631aba7,anon_1568f735a9,3849f759-d486-4b39-b077-63d8ed9a563c,2026-05-11 19:49:00,cb3764c60169df05,Full Stack Developer,Data Forge,Remoto (LATAM),Himalayas,69,56,3,3,False,
93337be1-269a-41e1-9a39-4b63e631aba7,anon_1568f735a9,3849f759-d486-4b39-b077-63d8ed9a563c,2026-05-11 19:49:00,d2a51a8c3fbdac74,Desarrollador de Software Semi Senior,Grupo Andina,Córdoba,Jooble,89,69,2,1,False,
93337be1-269a-41e1-9a39-4b63e631aba7,anon_1568f735a9,3849f759-d486-4b39-b077-63d8ed9a563c,2026-05-11 19:49:00,b64892661c8059d7,Desarrollador Backend Jr,NovaTech Solutions,Rosario,Jooble,80,84,2,0,False,
93337be1-269a-41e1-9a39-4b63e631aba7,anon_1568f735a9,3849f759-d486-4b39-b077-63d8ed9a563c,2026-05-11 19:49:00,25fb83e2ecba9028,Frontend Developer,Cloudberry Labs,Remoto (LATAM),Jobicy,38,45,4,0,False,
93337be1-269a-41e1-9a39-4b63e631aba7,anon_1568f735a9,3849f759-d486-4b39-b077-63d8ed9a563c,2026-05-11 19:49:00,c1891be3bec36dcb,Frontend Developer,Marketing Cono Sur,Córdoba,Jooble,70,69,2,0,False,
1f2d303f-d5bd-4249-b014-e588cd3389fe,anon_1568f735a9,3849f759-d486-4b39-b077-63d8ed9a563c,2026-05-23 21:21:00,7714409694c0bbb1,Frontend Developer,Retail Horizonte,Rosario,Jooble,60,66,2,0,True,2026-06-04 12:21:00
1f2d303f-d5bd-4249-b014-e588cd3389fe,anon_1568f735a9,3849f759-d486-4b39-b077-63d8ed9a563c,2026-05-23 21:21:00,8762e49c12a51e15,Desarrollador de Software Semi Senior,Retail Horizonte,Remoto (Argentina),Jobicy,60,63,4,2,False,
1f2d303f-d5bd-4249-b014-e588cd3389fe,anon_1568f735a9,3849f759-d486-4b39-b077-63d8ed9a563c,2026-05-23 21:21:00,a699b9f12c00585d,Desarrollador de Software Semi Senior,BioLab Argentina,Remoto (Argentina),Jooble,38,41,4,2,True,2026-06-07 15:21:00
1f2d303f-d5bd-4249-b014-e588cd3389fe,anon_1568f735a9,3849f759-d486-4b39-b077-63d8ed9a563c,2026-05-23 21:21:00,b7d9560b83bd7b77,Frontend Developer,Grupo Andina,Remoto (LATAM),Jobicy,93,91,4,0,True,2026-06-09 02:21:00
1f2d303f-d5bd-4249-b014-e588cd3389fe,anon_1568f735a9,3849f759-d486-4b39-b077-63d8ed9a563c,2026-05-23 21:21:00,6664bf5044a24306,Desarrollador de Software Semi Senior,Retail Horizonte,Remoto (Argentina),RemoteOK,32,44,2,0,True,2026-06-04 10:21:00
1f2d303f-d5bd-4249-b014-e588cd3389fe,anon_1568f735a9,3849f759-d486-4b39-b077-63d8ed9a563c,2026-05-23 21:21:00,47721c44c9d26777,Full Stack Developer,Vitalis Salud,Remoto (LATAM),Jobicy,63,69,4,0,True,2026-05-31 14:21:00
1f2d303f-d5bd-4249-b014-e588cd3389fe,anon_1568f735a9,3849f759-d486-4b39-b077-63d8ed9a563c,2026-05-23 21:21:00,f2bf165062148843,Frontend Developer,Sistemas Australes,GBA Sur,Computrabajo,85,90,4,1,True,2026-06-05 18:21:00
1f2d303f-d5bd-4249-b014-e588cd3389fe,anon_1568f735a9,3849f759-d486-4b39-b077-63d8ed9a563c,2026-05-23 21:21:00,48661b2808722e7f,Frontend Developer,TechNova Remote,GBA Norte,Computrabajo,56,61,3,2,False,
1f2d303f-d5bd-4249-b014-e588cd3389fe,anon_1568f735a9,3849f759-d486-4b39-b077-63d8ed9a563c,2026-05-23 21:21:00,bf77b6a8832de63d,Desarrollador de Software Semi Senior,Data Forge,Rosario,Computrabajo,97,88,3,1,True,2026-06-11 09:21:00
1f2d303f-d5bd-4249-b014-e588cd3389fe,anon_1568f735a9,3849f759-d486-4b39-b077-63d8ed9a563c,2026-05-23 21:21:00,f9465fb10d1ffc80,Desarrollador de Software Semi Senior,Cloudberry Labs,Remoto (Argentina),Himalayas,58,61,3,2,False,
ad3245f5-da3a-4a51-ba1a-1679c69c99ea,anon_198a3660c0,40029a98-2a42-4088-91b5-6fc56d4417a1,2026-08-11 17:17:00,76c4d590bc8c84a3,Analista Administrativo Jr,Banco Regional,Rosario,Jooble,88,77,2,0,True,2026-08-27 09:17:00
ad3245f5-da3a-4a51-ba1a-1679c69c99ea,anon_198a3660c0,40029a98-2a42-4088-91b5-6fc56d4417a1,2026-08-11 17:17:00,339cb7fedf177f00,Administrativo Contable,Agro Insumos del Sur,Córdoba,Jooble,53,63,2,1,False,
ad3245f5-da3a-4a51-ba1a-1679c69c99ea,anon_198a3660c0,40029a98-2a42-4088-91b5-6fc56d4417a1,2026-08-11 17:17:00,cae9522a8db126a8,Administrativo Contable,Vitalis Salud,Córdoba,Computrabajo,70,68,3,1,False,
ad3245f5-da3a-4a51-ba1a-1679c69c99ea,anon_198a3660c0,40029a98-2a42-4088-91b5-6fc56d4417a1,2026-08-11 17:17:00,b2322faad876a05c,Analista Administrativo Jr,NovaTech Solutions,CABA,Computrabajo,75,74,2,0,False,
ad3245f5-da3a-4a51-ba1a-1679c69c99ea,anon_198a3660c0,40029a98-2a42-4088-91b5-6fc56d4417a1,2026-08-11 17:17:00,d66b6316370a1e96,Administrativo Contable,NovaTech Solutions,Córdoba,Computrabajo,90,79,4,0,False,
ad3245f5-da3a-4a51-ba1a-1679c69c99ea,anon_198a3660c0,40029a98-2a42-4088-91b5-6fc56d4417a1,2026-08-11 17:17:00,2cadcdabef9c0b19,Asistente Administrativo,NovaTech Solutions,Rosario,Jooble,78,72,4,1,False,
ad3245f5-da3a-4a51-ba1a-1679c69c99ea,anon_198a3660c0,40029a98-2a42-4088-91b5-6fc56d4417a1,2026-08-11 17:17:00,4c50e004f6a9fd3a,Asistente Administrativo,Retail Horizonte,Córdoba,Computrabajo,57,60,3,0,True,2026-08-20 13:17:00
ad3245f5-da3a-4a51-ba1a-1679c69c99ea,anon_198a3660c0,40029a98-2a42-4088-91b5-6fc56d4417a1,2026-08-11 17:17:00,9413661da0da07e9,Asistente Administrativo,Estudio Contable Medina,GBA Sur,Jooble,68,79,4,0,False,
ad3245f5-da3a-4a51-ba1a-1679c69c99ea,anon_198a3660c0,40029a98-2a42-4088-91b5-6fc56d4417a1,2026-08-11 17:17:00,9a4745999655d5c4,Asistente Administrativo,Vitalis Salud,CABA,Jooble,61,66,2,0,False,
ad3245f5-da3a-4a51-ba1a-1679c69c99ea,anon_198a3660c0,40029a98-2a42-4088-91b5-6fc56d4417a1,2026-08-11 17:17:00,e4bd04c4ec6d6535,Asistente Administrativo,Data Forge,CABA,Computrabajo,61,60,3,2,False,
06ff66ab-bd34-4c9a-8248-2443e49e76c1,anon_198a3660c0,40029a98-2a42-4088-91b5-6fc56d4417a1,2026-08-16 13:41:00,e008bba2ef896aa6,Analista Administrativo Jr,Agro Insumos del Sur,CABA,Jooble,80,68,3,1,False,
06ff66ab-bd34-4c9a-8248-2443e49e76c1,anon_198a3660c0,40029a98-2a42-4088-91b5-6fc56d4417a1,2026-08-16 13:41:00,47aced8f25b4b20c,Analista Administrativo Jr,Textil Patagonia,Mendoza,Computrabajo,83,86,2,0,False,
06ff66ab-bd34-4c9a-8248-2443e49e76c1,anon_198a3660c0,40029a98-2a42-4088-91b5-6fc56d4417a1,2026-08-16 13:41:00,7461ee3c0d8ccca4,Asistente Administrativo,TechNova Remote,Mendoza,Jooble,80,71,4,1,False,
06ff66ab-bd34-4c9a-8248-2443e49e76c1,anon_198a3660c0,40029a98-2a42-4088-91b5-6fc56d4417a1,2026-08-16 13:41:00,699be754fc4859a1,Administrativo Contable,Agro Insumos del Sur,Rosario,Computrabajo,91,84,2,1,False,
06ff66ab-bd34-4c9a-8248-2443e49e76c1,anon_198a3660c0,40029a98-2a42-4088-91b5-6fc56d4417a1,2026-08-16 13:41:00,d66b6316370a1e96,Administrativo Contable,NovaTech Solutions,Rosario,Computrabajo,61,57,2,1,False,
06ff66ab-bd34-4c9a-8248-2443e49e76c1,anon_198a3660c0,40029a98-2a42-4088-91b5-6fc56d4417a1,2026-08-16 13:41:00,1aa9e8e8765bbc76,Analista Administrativo Jr,Puerto Digital,GBA Norte,Jooble,61,76,2,1,False,
06ff66ab-bd34-4c9a-8248-2443e49e76c1,anon_198a3660c0,40029a98-2a42-4088-91b5-6fc56d4417a1,2026-08-16 13:41:00,f4f6c8ecefe24acd,Analista Administrativo Jr,Vitalis Salud,CABA,Jooble,72,71,4,1,True,2026-08-21 13:41:00
06ff66ab-bd34-4c9a-8248-2443e49e76c1,anon_198a3660c0,40029a98-2a42-4088-91b5-6fc56d4417a1,2026-08-16 13:41:00,04cf847cdd21b23b,Analista Administrativo Jr,Clínica San Rafael,CABA,Jooble,63,66,2,0,False,
5f69f524-1ece-4bee-9e9a-1ebe2dc2e3c6,anon_198a3660c0,40029a98-2a42-4088-91b5-6fc56d4417a1,2026-08-14 13:26:00,bf32c130ce3a8672,Administrativo Contable,Vitalis Salud,Córdoba,Jooble,59,67,3,3,True,2026-08-26 06:26:00
5f69f524-1ece-4bee-9e9a-1ebe2dc2e3c6,anon_198a3660c0,40029a98-2a42-4088-91b5-6fc56d4417a1,2026-08-14 13:26:00,0850313977700ad9,Administrativo Contable,Cloudberry Labs,Rosario,Jooble,79,65,2,0,False,
5f69f524-1ece-4bee-9e9a-1ebe2dc2e3c6,anon_198a3660c0,40029a98-2a42-4088-91b5-6fc56d4417a1,2026-08-14 13:26:00,74888c56728c7dc3,Asistente Administrativo,Marketing Cono Sur,Córdoba,Jooble,95,81,3,0,False,
5f69f524-1ece-4bee-9e9a-1ebe2dc2e3c6,anon_198a3660c0,40029a98-2a42-4088-91b5-6fc56d4417a1,2026-08-14 13:26:00,fdc5412c7c3e0b7e,Asistente Administrativo,Clínica San Rafael,Mendoza,Computrabajo,88,78,2,0,True,2026-08-17 08:26:00
5f69f524-1ece-4bee-9e9a-1ebe2dc2e3c6,anon_198a3660c0,40029a98-2a42-4088-91b5-6fc56d4417a1,2026-08-14 13:26:00,edea50dc351972c4,Administrativo Contable,Puerto Digital,Mendoza,Jooble,86,84,4,0,True,2026-08-22 20:26:00
5f69f524-1ece-4bee-9e9a-1ebe2dc2e3c6,anon_198a3660c0,40029a98-2a42-4088-91b5-6fc56d4417a1,2026-08-14 13:26:00,67ed716dba728921,Analista Administrativo Jr,Clínica San Rafael,Remoto (Argentina),Computrabajo,40,46,4,2,False,
5f69f524-1ece-4bee-9e9a-1ebe2dc2e3c6,anon_198a3660c0,40029a98-2a42-4088-91b5-6fc56d4417a1,2026-08-14 13:26:00,bdbc93fc851e4b4a,Analista Administrativo Jr,Data Forge,GBA Norte,Jooble,93,93,3,0,True,2026-08-16 06:26:00
6219621f-4f3c-4d11-963a-809f3983e77b,anon_198a3660c0,40029a98-2a42-4088-91b5-6fc56d4417a1,2026-08-22 20:58:00,f4f6c8ecefe24acd,Analista Administrativo Jr,Vitalis Salud,CABA,Jooble,97,91,4,1,False,
6219621f-4f3c-4d11-963a-809f3983e77b,anon_198a3660c0,40029a98-2a42-4088-91b5-6fc56d4417a1,2026-08-22 20:58:00,8c3ff18c549cf303,Administrativo Contable,Textil Patagonia,Remoto (Argentina),Jooble,66,70,2,0,False,
6219621f-4f3c-4d11-963a-809f3983e77b,anon_198a3660c0,40029a98-2a42-4088-91b5-6fc56d4417a1,2026-08-22 20:58:00,7a27caa2b3bc2534,Analista Administrativo Jr,Retail Horizonte,CABA,Computrabajo,80,71,3,0,True,2026-08-25 06:58:00
6219621f-4f3c-4d11-963a-809f3983e77b,anon_198a3660c0,40029a98-2a42-4088-91b5-6fc56d4417a1,2026-08-22 20:58:00,e56f3502b5b6a8af,Analista Administrativo Jr,Consultora Delta,Remoto (Argentina),Computrabajo,62,64,2,1,False,
6219621f-4f3c-4d11-963a-809f3983e77b,anon_198a3660c0,40029a98-2a42-4088-91b5-6fc56d4417a1,2026-08-22 20:58:00,ed1523dfe758e952,Analista Administrativo Jr,TechNova Remote,Remoto (Argentina),Jooble,51,48,3,1,False,
6219621f-4f3c-4d11-963a-809f3983e77b,anon_198a3660c0,40029a98-2a42-4088-91b5-6fc56d4417a1,2026-08-22 20:58:00,037139eeb5f3eafd,Asistente Administrativo,Textil Patagonia,CABA,Computrabajo,48,57,4,1,True,2026-08-27 03:58:00
6219621f-4f3c-4d11-963a-809f3983e77b,anon_198a3660c0,40029a98-2a42-4088-91b5-6fc56d4417a1,2026-08-22 20:58:00,98ccbb32da32d9ad,Analista Administrativo Jr,TechNova Remote,Córdoba,Computrabajo,75,86,3,1,False,
93c45d99-c0b2-48ec-a185-2fe060646232,anon_6e3ed316ee,00109771-3d12-4c1b-8e5b-8c3db24a7f33,2026-07-20 14:32:00,7558bee31debd6be,Asistente Administrativo,Laboratorios BioSur,Mendoza,Computrabajo,64,68,2,2,False,
93c45d99-c0b2-48ec-a185-2fe060646232,anon_6e3ed316ee,00109771-3d12-4c1b-8e5b-8c3db24a7f33,2026-07-20 14:32:00,2cadcdabef9c0b19,Asistente Administrativo,NovaTech Solutions,GBA Norte,Jooble,86,77,3,1,True,2026-07-31 21:32:00
93c45d99-c0b2-48ec-a185-2fe060646232,anon_6e3ed316ee,00109771-3d12-4c1b-8e5b-8c3db24a7f33,2026-07-20 14:32:00,29d026782d2bc7b4,Asistente Administrativo,BioLab Argentina,Córdoba,Computrabajo,72,71,3,1,False,
93c45d99-c0b2-48ec-a185-2fe060646232,anon_6e3ed316ee,00109771-3d12-4c1b-8e5b-8c3db24a7f33,2026-07-20 14:32:00,00b525d214cac049,Asistente Administrativo,Sistemas Australes,Mendoza,Jooble,85,80,2,1,False,
93c45d99-c0b2-48ec-a185-2fe060646232,anon_6e3ed316ee,00109771-3d12-4c1b-8e5b-8c3db24a7f33,2026-07-20 14:32:00,63ad5780df6b9be6,Analista Administrativo Jr,NovaTech Solutions,Remoto (Argentina),Jooble,92,82,2,0,False,
93c45d99-c0b2-48ec-a185-2fe060646232,anon_6e3ed316ee,00109771-3d12-4c1b-8e5b-8c3db24a7f33,2026-07-20 14:32:00,e008bba2ef896aa6,Analista Administrativo Jr,Agro Insumos del Sur,GBA Norte,Jooble,33,40,4,3,False,
93c45d99-c0b2-48ec-a185-2fe060646232,anon_6e3ed316ee,00109771-3d12-4c1b-8e5b-8c3db24a7f33,2026-07-20 14:32:00,13849828f9033728,Administrativo Contable,Marketing Cono Sur,CABA,Jooble,41,41,4,2,False,
93c45d99-c0b2-48ec-a185-2fe060646232,anon_6e3ed316ee,00109771-3d12-4c1b-8e5b-8c3db24a7f33,2026-07-20 14:32:00,43f3981f7b90d347,Administrativo Contable,Manufactura Rioplatense,Mendoza,Computrabajo,71,67,4,0,True,2026-07-28 09:32:00
93c45d99-c0b2-48ec-a185-2fe060646232,anon_6e3ed316ee,00109771-3d12-4c1b-8e5b-8c3db24a7f33,2026-07-20 14:32:00,c3e0e60bf5775c23,Analista Administrativo Jr,Banco Regional,GBA Sur,Computrabajo,78,80,3,0,False,
ea93e3f6-d8f4-4c78-859c-fe427b17720f,anon_6e3ed316ee,00109771-3d12-4c1b-8e5b-8c3db24a7f33,2026-07-24 12:44:00,e6e3b0cfcfc1a883,Asistente Administrativo,Consultora Delta,Remoto (Argentina),Computrabajo,81,74,4,1,False,
ea93e3f6-d8f4-4c78-859c-fe427b17720f,anon_6e3ed316ee,00109771-3d12-4c1b-8e5b-8c3db24a7f33,2026-07-24 12:44:00,0486c8e9361da3bc,Analista Administrativo Jr,Grupo Andina,CABA,Computrabajo,70,69,4,3,False,
ea93e3f6-d8f4-4c78-859c-fe427b17720f,anon_6e3ed316ee,00109771-3d12-4c1b-8e5b-8c3db24a7f33,2026-07-24 12:44:00,403fcd7d80aaf9d0,Analista Administrativo Jr,Laboratorios BioSur,CABA,Computrabajo,67,58,3,3,True,2026-07-28 09:44:00
ea93e3f6-d8f4-4c78-859c-fe427b17720f,anon_6e3ed316ee,00109771-3d12-4c1b-8e5b-8c3db24a7f33,2026-07-24 12:44:00,74888c56728c7dc3,Asistente Administrativo,Marketing Cono Sur,CABA,Jooble,49,55,2,2,False,
ea93e3f6-d8f4-4c78-859c-fe427b17720f,anon_6e3ed316ee,00109771-3d12-4c1b-8e5b-8c3db24a7f33,2026-07-24 12:44:00,7a27caa2b3bc2534,Analista Administrativo Jr,Retail Horizonte,Mendoza,Computrabajo,86,81,4,0,False,
ea93e3f6-d8f4-4c78-859c-fe427b17720f,anon_6e3ed316ee,00109771-3d12-4c1b-8e5b-8c3db24a7f33,2026-07-24 12:44:00,74888c56728c7dc3,Asistente Administrativo,Marketing Cono Sur,Remoto (Argentina),Jooble,74,77,4,0,False,
ea93e3f6-d8f4-4c78-859c-fe427b17720f,anon_6e3ed316ee,00109771-3d12-4c1b-8e5b-8c3db24a7f33,2026-07-24 12:44:00,2cadcdabef9c0b19,Asistente Administrativo,NovaTech Solutions,GBA Norte,Jooble,76,82,3,1,True,2026-08-03 02:44:00
6baac343-97e8-40a9-a75e-0a073a1e9c15,anon_6e3ed316ee,00109771-3d12-4c1b-8e5b-8c3db24a7f33,2026-07-25 14:35:00,c8c9bbad6794a8de,Asistente Administrativo,Estudio Contable Medina,Mendoza,Computrabajo,75,65,2,2,False,
6baac343-97e8-40a9-a75e-0a073a1e9c15,anon_6e3ed316ee,00109771-3d12-4c1b-8e5b-8c3db24a7f33,2026-07-25 14:35:00,39bcc67e21fdc888,Administrativo Contable,Banco Regional,Mendoza,Jooble,83,79,2,1,True,2026-08-05 04:35:00
6baac343-97e8-40a9-a75e-0a073a1e9c15,anon_6e3ed316ee,00109771-3d12-4c1b-8e5b-8c3db24a7f33,2026-07-25 14:35:00,54e7e38d08fa332c,Asistente Administrativo,Banco Regional,CABA,Jooble,62,56,4,3,False,
6baac343-97e8-40a9-a75e-0a073a1e9c15,anon_6e3ed316ee,00109771-3d12-4c1b-8e5b-8c3db24a7f33,2026-07-25 14:35:00,619a2dd569baa190,Asistente Administrativo,Laboratorios BioSur,GBA Sur,Jooble,61,71,2,1,False,
6baac343-97e8-40a9-a75e-0a073a1e9c15,anon_6e3ed316ee,00109771-3d12-4c1b-8e5b-8c3db24a7f33,2026-07-25 14:35:00,e6e3b0cfcfc1a883,Asistente Administrativo,Consultora Delta,Rosario,Computrabajo,79,86,4,0,False,
6baac343-97e8-40a9-a75e-0a073a1e9c15,anon_6e3ed316ee,00109771-3d12-4c1b-8e5b-8c3db24a7f33,2026-07-25 14:35:00,6312b2e360921248,Analista Administrativo Jr,Comercial Los Andes,GBA Sur,Jooble,58,61,3,3,False,
6baac343-97e8-40a9-a75e-0a073a1e9c15,anon_6e3ed316ee,00109771-3d12-4c1b-8e5b-8c3db24a7f33,2026-07-25 14:35:00,890973056d5f444f,Asistente Administrativo,Consultora Delta,GBA Norte,Jooble,77,77,4,1,False,
6baac343-97e8-40a9-a75e-0a073a1e9c15,anon_6e3ed316ee,00109771-3d12-4c1b-8e5b-8c3db24a7f33,2026-07-25 14:35:00,619a2dd569baa190,Asistente Administrativo,Laboratorios BioSur,CABA,Jooble,84,89,3,1,True,2026-08-14 18:35:00
6baac343-97e8-40a9-a75e-0a073a1e9c15,anon_6e3ed316ee,00109771-3d12-4c1b-8e5b-8c3db24a7f33,2026-07-25 14:35:00,39272fc2798c8aba,Asistente Administrativo,Data Forge,Mendoza,Jooble,65,57,2,2,False,
075d73ee-0422-47bd-b52b-f705b3fedd6a,anon_1568f735a9,2642a0f8-180a-47a3-8ad1-925aa0a2c4a5,2026-07-10 20:40:00,b761d7f2c187dbe6,Marketing Jr,Agro Insumos del Sur,GBA Sur,Jooble,78,81,4,0,False,
075d73ee-0422-47bd-b52b-f705b3fedd6a,anon_1568f735a9,2642a0f8-180a-47a3-8ad1-925aa0a2c4a5,2026-07-10 20:40:00,cdbc6004f8232da8,Community Manager,Marketing Cono Sur,Mendoza,Jooble,70,68,3,1,False,
075d73ee-0422-47bd-b52b-f705b3fedd6a,anon_1568f735a9,2642a0f8-180a-47a3-8ad1-925aa0a2c4a5,2026-07-10 20:40:00,cb80351200df4b13,Marketing Jr,Consultora Delta,Remoto (Argentina),Computrabajo,78,80,2,1,True,2026-07-16 18:40:00
075d73ee-0422-47bd-b52b-f705b3fedd6a,anon_1568f735a9,2642a0f8-180a-47a3-8ad1-925aa0a2c4a5,2026-07-10 20:40:00,125f1d53bc539781,Analista de Marketing Digital,Comercial Los Andes,Rosario,Jooble,65,68,4,3,False,
075d73ee-0422-47bd-b52b-f705b3fedd6a,anon_1568f735a9,2642a0f8-180a-47a3-8ad1-925aa0a2c4a5,2026-07-10 20:40:00,1c5fba02d10cdaf5,Marketing Jr,Vitalis Salud,Remoto (Argentina),Jooble,87,91,2,0,False,
075d73ee-0422-47bd-b52b-f705b3fedd6a,anon_1568f735a9,2642a0f8-180a-47a3-8ad1-925aa0a2c4a5,2026-07-10 20:40:00,d60923bf03e11c96,Marketing Jr,Cloudberry Labs,Rosario,Jooble,33,45,3,3,False,
075d73ee-0422-47bd-b52b-f705b3fedd6a,anon_1568f735a9,2642a0f8-180a-47a3-8ad1-925aa0a2c4a5,2026-07-10 20:40:00,4e0a7727fb80b4b4,Analista de Marketing Digital,Laboratorios BioSur,GBA Sur,Jooble,58,58,3,1,False,
075d73ee-0422-47bd-b52b-f705b3fedd6a,anon_1568f735a9,2642a0f8-180a-47a3-8ad1-925aa0a2c4a5,2026-07-10 20:40:00,b80c7e1bb7adca60,Analista de Marketing Digital,BioLab Argentina,GBA Norte,Computrabajo,54,63,3,0,True,2026-07-24 22:40:00
075d73ee-0422-47bd-b52b-f705b3fedd6a,anon_1568f735a9,2642a0f8-180a-47a3-8ad1-925aa0a2c4a5,2026-07-10 20:40:00,ea45a62eb10cfe3f,Community Manager,Retail Horizonte,GBA Sur,Jooble,70,68,2,3,False,
8ec102e3-fcad-4fbd-934a-a0c263d4502c,anon_1568f735a9,2642a0f8-180a-47a3-8ad1-925aa0a2c4a5,2026-07-26 14:04:00,9fa9c45ed41be0af,Community Manager,Laboratorios BioSur,GBA Sur,Jooble,82,74,4,0,True,2026-08-02 07:04:00
8ec102e3-fcad-4fbd-934a-a0c263d4502c,anon_1568f735a9,2642a0f8-180a-47a3-8ad1-925aa0a2c4a5,2026-07-26 14:04:00,49adf28e6215d13a,Community Manager,Data Forge,Córdoba,Jooble,54,58,3,3,True,2026-08-15 20:04:00
8ec102e3-fcad-4fbd-934a-a0c263d4502c,anon_1568f735a9,2642a0f8-180a-47a3-8ad1-925aa0a2c4a5,2026-07-26 14:04:00,d130089ee1755635,Analista de Marketing Digital,BioLab Argentina,CABA,Jooble,79,76,3,0,False,
8ec102e3-fcad-4fbd-934a-a0c263d4502c,anon_1568f735a9,2642a0f8-180a-47a3-8ad1-925aa0a2c4a5,2026-07-26 14:04:00,b53684e1b12523ca,Community Manager,BioLab Argentina,Remoto (Argentina),Jooble,67,70,3,0,False,
8ec102e3-fcad-4fbd-934a-a0c263d4502c,anon_1568f735a9,2642a0f8-180a-47a3-8ad1-925aa0a2c4a5,2026-07-26 14:04:00,8ba8e05e606239ee,Analista de Marketing Digital,Manufactura Rioplatense,GBA Sur,Computrabajo,75,72,4,1,True,2026-08-08 04:04:00
8ec102e3-fcad-4fbd-934a-a0c263d4502c,anon_1568f735a9,2642a0f8-180a-47a3-8ad1-925aa0a2c4a5,2026-07-26 14:04:00,db61ce023ee68bdc,Marketing Jr,Estudio Contable Medina,Mendoza,Computrabajo,88,80,3,0,True,2026-08-05 17:04:00
8ec102e3-fcad-4fbd-934a-a0c263d4502c,anon_1568f735a9,2642a0f8-180a-47a3-8ad1-925aa0a2c4a5,2026-07-26 14:04:00,522e2118c0f22533,Community Manager,Cloudberry Labs,Rosario,Computrabajo,60,65,4,1,False,
8ec102e3-fcad-4fbd-934a-a0c263d4502c,anon_1568f735a9,2642a0f8-180a-47a3-8ad1-925aa0a2c4a5,2026-07-26 14:04:00,151e11b4d7f242bf,Community Manager,Sistemas Australes,Mendoza,Computrabajo,90,86,3,0,True,2026-08-02 00:04:00
341e4061-8851-4c19-904e-4df4a865f0f4,anon_1568f735a9,2642a0f8-180a-47a3-8ad1-925aa0a2c4a5,2026-08-04 18:03:00,43a90db1ef09af6c,Community Manager,Sistemas Australes,Remoto (Argentina),Jooble,63,65,3,3,False,
341e4061-8851-4c19-904e-4df4a865f0f4,anon_1568f735a9,2642a0f8-180a-47a3-8ad1-925aa0a2c4a5,2026-08-04 18:03:00,9dafce9b2b31a776,Analista de Marketing Digital,Puerto Digital,CABA,Jooble,72,71,3,0,True,2026-08-14 23:03:00
341e4061-8851-4c19-904e-4df4a865f0f4,anon_1568f735a9,2642a0f8-180a-47a3-8ad1-925aa0a2c4a5,2026-08-04 18:03:00,b80c7e1bb7adca60,Analista de Marketing Digital,BioLab Argentina,Remoto (Argentina),Computrabajo,64,69,4,0,True,2026-08-23 05:03:00
341e4061-8851-4c19-904e-4df4a865f0f4,anon_1568f735a9,2642a0f8-180a-47a3-8ad1-925aa0a2c4a5,2026-08-04 18:03:00,2b3ccef971c2fea4,Marketing Jr,NovaTech Solutions,Córdoba,Computrabajo,74,71,3,0,False,
341e4061-8851-4c19-904e-4df4a865f0f4,anon_1568f735a9,2642a0f8-180a-47a3-8ad1-925aa0a2c4a5,2026-08-04 18:03:00,5ca9091e6574a704,Community Manager,Puerto Digital,Remoto (Argentina),Jooble,81,81,2,1,False,
341e4061-8851-4c19-904e-4df4a865f0f4,anon_1568f735a9,2642a0f8-180a-47a3-8ad1-925aa0a2c4a5,2026-08-04 18:03:00,1aba2aaac0686819,Community Manager,Clínica San Rafael,Rosario,Computrabajo,81,75,2,1,False,
341e4061-8851-4c19-904e-4df4a865f0f4,anon_1568f735a9,2642a0f8-180a-47a3-8ad1-925aa0a2c4a5,2026-08-04 18:03:00,1aba2aaac0686819,Community Manager,Clínica San Rafael,Rosario,Computrabajo,57,64,4,2,False,
341e4061-8851-4c19-904e-4df4a865f0f4,anon_1568f735a9,2642a0f8-180a-47a3-8ad1-925aa0a2c4a5,2026-08-04 18:03:00,085aceb92d6926b9,Analista de Marketing Digital,Textil Patagonia,GBA Sur,Jooble,74,89,2,0,False,
99192309-2395-403a-a2d5-e4823e740ea9,anon_6e3ed316ee,fcc1aee3-4b9e-4699-bb1a-f19e30c2b6fa,2026-07-30 13:55:00,ccb7381a3f8dd530,Full Stack Developer,Agro Insumos del Sur,GBA Sur,Jooble,80,81,3,1,True,2026-08-09 09:55:00
99192309-2395-403a-a2d5-e4823e740ea9,anon_6e3ed316ee,fcc1aee3-4b9e-4699-bb1a-f19e30c2b6fa,2026-07-30 13:55:00,357fcebc2cff7af6,Desarrollador de Software Semi Senior,Comercial Los Andes,Mendoza,Computrabajo,81,80,4,1,False,
99192309-2395-403a-a2d5-e4823e740ea9,anon_6e3ed316ee,fcc1aee3-4b9e-4699-bb1a-f19e30c2b6fa,2026-07-30 13:55:00,216ae3d66cf44d3f,Frontend Developer,Puerto Digital,Remoto (LATAM),Himalayas,65,72,4,0,False,
99192309-2395-403a-a2d5-e4823e740ea9,anon_6e3ed316ee,fcc1aee3-4b9e-4699-bb1a-f19e30c2b6fa,2026-07-30 13:55:00,f49cc23549381eb3,Frontend Developer,Consultora Delta,Remoto (LATAM),RemoteOK,54,58,3,2,False,
99192309-2395-403a-a2d5-e4823e740ea9,anon_6e3ed316ee,fcc1aee3-4b9e-4699-bb1a-f19e30c2b6fa,2026-07-30 13:55:00,f328a4562013b503,Frontend Developer,Marketing Cono Sur,Remoto (LATAM),Jobicy,81,79,2,0,True,2026-08-14 13:55:00
99192309-2395-403a-a2d5-e4823e740ea9,anon_6e3ed316ee,fcc1aee3-4b9e-4699-bb1a-f19e30c2b6fa,2026-07-30 13:55:00,09b1d1802f99f11f,Desarrollador Backend Jr,Estudio Contable Medina,CABA,Computrabajo,73,94,4,0,True,2026-08-08 15:55:00
99192309-2395-403a-a2d5-e4823e740ea9,anon_6e3ed316ee,fcc1aee3-4b9e-4699-bb1a-f19e30c2b6fa,2026-07-30 13:55:00,b17e6f0985794e6a,Frontend Developer,Banco Regional,Mendoza,Jooble,95,85,2,0,False,
425ead24-af41-4cb5-b7a4-4f5e12db778b,anon_6e3ed316ee,fcc1aee3-4b9e-4699-bb1a-f19e30c2b6fa,2026-06-30 20:48:00,d0fe23c9621f30bb,Desarrollador de Software Semi Senior,Consultora Delta,Remoto (Argentina),Jobicy,65,57,2,3,True,2026-07-11 23:48:00
425ead24-af41-4cb5-b7a4-4f5e12db778b,anon_6e3ed316ee,fcc1aee3-4b9e-4699-bb1a-f19e30c2b6fa,2026-06-30 20:48:00,6ad5d51380e90fc8,Desarrollador de Software Semi Senior,Retail Horizonte,GBA Norte,Computrabajo,69,65,2,0,False,
425ead24-af41-4cb5-b7a4-4f5e12db778b,anon_6e3ed316ee,fcc1aee3-4b9e-4699-bb1a-f19e30c2b6fa,2026-06-30 20:48:00,788b0b48ebe6e927,Frontend Developer,Retail Horizonte,Remoto (Argentina),Computrabajo,93,78,2,0,False,
425ead24-af41-4cb5-b7a4-4f5e12db778b,anon_6e3ed316ee,fcc1aee3-4b9e-4699-bb1a-f19e30c2b6fa,2026-06-30 20:48:00,2d6ff4b36732bdbf,Desarrollador Backend Jr,TechNova Remote,Remoto (LATAM),Jobicy,80,64,4,1,False,
425ead24-af41-4cb5-b7a4-4f5e12db778b,anon_6e3ed316ee,fcc1aee3-4b9e-4699-bb1a-f19e30c2b6fa,2026-06-30 20:48:00,d6f7782fe1a4bf5b,Desarrollador de Software Semi Senior,TechNova Remote,Remoto (Argentina),Jobicy,58,49,3,3,False,
425ead24-af41-4cb5-b7a4-4f5e12db778b,anon_6e3ed316ee,fcc1aee3-4b9e-4699-bb1a-f19e30c2b6fa,2026-06-30 20:48:00,7714409694c0bbb1,Frontend Developer,Retail Horizonte,Mendoza,Jooble,56,49,4,2,True,2026-07-11 02:48:00
425ead24-af41-4cb5-b7a4-4f5e12db778b,anon_6e3ed316ee,fcc1aee3-4b9e-4699-bb1a-f19e30c2b6fa,2026-06-30 20:48:00,e8826d87b726660b,Full Stack Developer,Comercial Los Andes,CABA,Jooble,80,79,2,1,True,2026-07-20 22:48:00
55947b9f-6e04-4795-9bcf-330ef864f94a,anon_6e3ed316ee,fcc1aee3-4b9e-4699-bb1a-f19e30c2b6fa,2026-07-08 09:23:00,2cb154d682b360e7,Full Stack Developer,Comercial Los Andes,Remoto (LATAM),RemoteOK,59,64,3,1,False,
55947b9f-6e04-4795-9bcf-330ef864f94a,anon_6e3ed316ee,fcc1aee3-4b9e-4699-bb1a-f19e30c2b6fa,2026-07-08 09:23:00,26bcb43daa355d19,Desarrollador Backend Jr,Grupo Andina,Remoto (Argentina),Jobicy,62,60,4,3,False,
55947b9f-6e04-4795-9bcf-330ef864f94a,anon_6e3ed316ee,fcc1aee3-4b9e-4699-bb1a-f19e30c2b6fa,2026-07-08 09:23:00,c0f7d3e7616ef8a2,Desarrollador de Software Semi Senior,Vitalis Salud,Remoto (Argentina),Jobicy,75,74,3,0,True,2026-07-12 01:23:00
55947b9f-6e04-4795-9bcf-330ef864f94a,anon_6e3ed316ee,fcc1aee3-4b9e-4699-bb1a-f19e30c2b6fa,2026-07-08 09:23:00,46425a6600cfd624,Full Stack Developer,Retail Horizonte,Córdoba,Computrabajo,73,72,3,0,False,
55947b9f-6e04-4795-9bcf-330ef864f94a,anon_6e3ed316ee,fcc1aee3-4b9e-4699-bb1a-f19e30c2b6fa,2026-07-08 09:23:00,637a2e964a177bda,Full Stack Developer,NovaTech Solutions,Córdoba,Jooble,41,51,3,0,False,
55947b9f-6e04-4795-9bcf-330ef864f94a,anon_6e3ed316ee,fcc1aee3-4b9e-4699-bb1a-f19e30c2b6fa,2026-07-08 09:23:00,a5cf286541fcf2ea,Full Stack Developer,Laboratorios BioSur,GBA Norte,Jooble,85,76,2,1,False,
55947b9f-6e04-4795-9bcf-330ef864f94a,anon_6e3ed316ee,fcc1aee3-4b9e-4699-bb1a-f19e30c2b6fa,2026-07-08 09:23:00,94656265df571a32,Frontend Developer,Laboratorios BioSur,Remoto (Argentina),RemoteOK,78,63,3,3,False,
55947b9f-6e04-4795-9bcf-330ef864f94a,anon_6e3ed316ee,fcc1aee3-4b9e-4699-bb1a-f19e30c2b6fa,2026-07-08 09:23:00,af5a658de0b073f8,Frontend Developer,BioLab Argentina,Remoto (LATAM),Jobicy,63,68,3,1,True,2026-07-13 03:23:00
116e4f2c-3345-4109-8ef7-cf0f8661d9f3,anon_6e3ed316ee,fcc1aee3-4b9e-4699-bb1a-f19e30c2b6fa,2026-07-14 10:14:00,d7a075b021610d43,Desarrollador Backend Jr,NovaTech Solutions,Remoto (Argentina),RemoteOK,65,59,3,3,False,
116e4f2c-3345-4109-8ef7-cf0f8661d9f3,anon_6e3ed316ee,fcc1aee3-4b9e-4699-bb1a-f19e30c2b6fa,2026-07-14 10:14:00,dc2ad1d53271acd6,Full Stack Developer,Estudio Contable Medina,Remoto (Argentina),Himalayas,81,71,2,1,False,
116e4f2c-3345-4109-8ef7-cf0f8661d9f3,anon_6e3ed316ee,fcc1aee3-4b9e-4699-bb1a-f19e30c2b6fa,2026-07-14 10:14:00,f7104c733a41003c,Desarrollador de Software Semi Senior,Data Forge,CABA,Jooble,66,72,4,0,False,
116e4f2c-3345-4109-8ef7-cf0f8661d9f3,anon_6e3ed316ee,fcc1aee3-4b9e-4699-bb1a-f19e30c2b6fa,2026-07-14 10:14:00,67ddb68ed296bfbf,Desarrollador Backend Jr,Estudio Contable Medina,Rosario,Jooble,95,92,3,1,False,
116e4f2c-3345-4109-8ef7-cf0f8661d9f3,anon_6e3ed316ee,fcc1aee3-4b9e-4699-bb1a-f19e30c2b6fa,2026-07-14 10:14:00,05df52072b32237a,Frontend Developer,Data Forge,Córdoba,Jooble,38,39,3,1,False,
116e4f2c-3345-4109-8ef7-cf0f8661d9f3,anon_6e3ed316ee,fcc1aee3-4b9e-4699-bb1a-f19e30c2b6fa,2026-07-14 10:14:00,ec73c9e3c997e86f,Frontend Developer,TechNova Remote,GBA Sur,Jooble,60,72,4,0,False,
116e4f2c-3345-4109-8ef7-cf0f8661d9f3,anon_6e3ed316ee,fcc1aee3-4b9e-4699-bb1a-f19e30c2b6fa,2026-07-14 10:14:00,a895957c7ef29155,Full Stack Developer,Retail Horizonte,Córdoba,Jooble,43,42,4,2,False,
116e4f2c-3345-4109-8ef7-cf0f8661d9f3,anon_6e3ed316ee,fcc1aee3-4b9e-4699-bb1a-f19e30c2b6fa,2026-07-14 10:14:00,f97c4f1a741d683b,Desarrollador Backend Jr,Data Forge,Mendoza,Jooble,65,65,4,1,False,
116e4f2c-3345-4109-8ef7-cf0f8661d9f3,anon_6e3ed316ee,fcc1aee3-4b9e-4699-bb1a-f19e30c2b6fa,2026-07-14 10:14:00,f863fd7d93e74928,Desarrollador de Software Semi Senior,Sistemas Australes,Remoto (Argentina),WeWorkRemotely,70,76,2,0,False,
116e4f2c-3345-4109-8ef7-cf0f8661d9f3,anon_6e3ed316ee,fcc1aee3-4b9e-4699-bb1a-f19e30c2b6fa,2026-07-14 10:14:00,2b00980574da9658,Desarrollador de Software Semi Senior,Cloudberry Labs,Mendoza,Computrabajo,52,49,2,3,False,
e4b7f97e-42ed-4465-bafb-8b30eb46b5c4,anon_a1e8211725,c3fef55d-b627-40c4-a0c2-bf134bc6a277,2026-07-10 11:15:00,c2a41b2923fa8797,Analista de Marketing Digital,Data Forge,Córdoba,Computrabajo,78,76,3,1,False,
e4b7f97e-42ed-4465-bafb-8b30eb46b5c4,anon_a1e8211725,c3fef55d-b627-40c4-a0c2-bf134bc6a277,2026-07-10 11:15:00,01599243c8f0e534,Community Manager,Consultora Delta,GBA Norte,Computrabajo,75,79,3,0,False,
e4b7f97e-42ed-4465-bafb-8b30eb46b5c4,anon_a1e8211725,c3fef55d-b627-40c4-a0c2-bf134bc6a277,2026-07-10 11:15:00,4e0a7727fb80b4b4,Analista de Marketing Digital,Laboratorios BioSur,Remoto (Argentina),Jooble,55,57,3,2,False,
e4b7f97e-42ed-4465-bafb-8b30eb46b5c4,anon_a1e8211725,c3fef55d-b627-40c4-a0c2-bf134bc6a277,2026-07-10 11:15:00,087f5ec21d283c51,Community Manager,Consultora Delta,Mendoza,Jooble,59,62,3,1,True,2026-07-18 22:15:00
e4b7f97e-42ed-4465-bafb-8b30eb46b5c4,anon_a1e8211725,c3fef55d-b627-40c4-a0c2-bf134bc6a277,2026-07-10 11:15:00,5a39dc981951aa6b,Analista de Marketing Digital,Manufactura Rioplatense,GBA Sur,Jooble,51,60,2,1,False,
e4b7f97e-42ed-4465-bafb-8b30eb46b5c4,anon_a1e8211725,c3fef55d-b627-40c4-a0c2-bf134bc6a277,2026-07-10 11:15:00,de97d0f0d3affa41,Analista de Marketing Digital,Marketing Cono Sur,GBA Norte,Computrabajo,60,50,2,0,True,2026-07-18 15:15:00
e4b7f97e-42ed-4465-bafb-8b30eb46b5c4,anon_a1e8211725,c3fef55d-b627-40c4-a0c2-bf134bc6a277,2026-07-10 11:15:00,487d7cd02312420f,Community Manager,Comercial Los Andes,Mendoza,Jooble,95,88,4,0,False,
e4b7f97e-42ed-4465-bafb-8b30eb46b5c4,anon_a1e8211725,c3fef55d-b627-40c4-a0c2-bf134bc6a277,2026-07-10 11:15:00,4c76d5f99068a16c,Community Manager,Grupo Andina,GBA Norte,Computrabajo,82,85,2,1,True,2026-07-25 12:15:00
07d2e31c-d860-4e58-a764-ec81093628ee,anon_b119044519,5a6093b0-6a9c-4432-9e3c-96b129e15e3d,2026-08-21 15:52:00,efc68cace3cc0dc5,Analista de Business Intelligence,Grupo Andina,Córdoba,Computrabajo,56,55,2,1,False,
07d2e31c-d860-4e58-a764-ec81093628ee,anon_b119044519,5a6093b0-6a9c-4432-9e3c-96b129e15e3d,2026-08-21 15:52:00,b608e4f84fa2b1d0,Analista de Business Intelligence,Retail Horizonte,Rosario,Jooble,68,73,2,1,True,2026-08-25 19:52:00
07d2e31c-d860-4e58-a764-ec81093628ee,anon_b119044519,5a6093b0-6a9c-4432-9e3c-96b129e15e3d,2026-08-21 15:52:00,f828bbfc0f4e6d1f,Analista de Business Intelligence,Clínica San Rafael,Remoto (Argentina),Jobicy,66,73,3,0,False,
07d2e31c-d860-4e58-a764-ec81093628ee,anon_b119044519,5a6093b0-6a9c-4432-9e3c-96b129e15e3d,2026-08-21 15:52:00,4a04d4a8814904b0,BI Analyst,Sistemas Australes,Córdoba,Computrabajo,57,63,2,2,True,2026-08-26 22:52:00
07d2e31c-d860-4e58-a764-ec81093628ee,anon_b119044519,5a6093b0-6a9c-4432-9e3c-96b129e15e3d,2026-08-21 15:52:00,f53cd92528488941,Analista de Datos Jr,Banco Regional,Córdoba,Jooble,68,70,2,0,True,2026-08-23 23:52:00
07d2e31c-d860-4e58-a764-ec81093628ee,anon_b119044519,5a6093b0-6a9c-4432-9e3c-96b129e15e3d,2026-08-21 15:52:00,af655579d1aab638,Analista de Datos Jr,Agro Insumos del Sur,Remoto (LATAM),Jobicy,71,64,2,1,False,
07d2e31c-d860-4e58-a764-ec81093628ee,anon_b119044519,5a6093b0-6a9c-4432-9e3c-96b129e15e3d,2026-08-21 15:52:00,1544fc2a17b58330,BI Analyst,BioLab Argentina,Mendoza,Jooble,53,64,4,1,False,
07d2e31c-d860-4e58-a764-ec81093628ee,anon_b119044519,5a6093b0-6a9c-4432-9e3c-96b129e15e3d,2026-08-21 15:52:00,53447b15ec2698eb,Analista de Business Intelligence,Marketing Cono Sur,Córdoba,Jooble,53,44,4,0,False,
07d2e31c-d860-4e58-a764-ec81093628ee,anon_b119044519,5a6093b0-6a9c-4432-9e3c-96b129e15e3d,2026-08-21 15:52:00,9ce71c09b54374ba,BI Analyst,TechNova Remote,GBA Norte,Jooble,66,63,3,1,True,2026-08-24 09:52:00
0ca60a0c-b5a2-453f-b449-3a19270b8ff1,anon_b119044519,5a6093b0-6a9c-4432-9e3c-96b129e15e3d,2026-08-16 11:49:00,189ed04885a71404,BI Analyst,Consultora Delta,Mendoza,Computrabajo,70,65,2,1,False,
0ca60a0c-b5a2-453f-b449-3a19270b8ff1,anon_b119044519,5a6093b0-6a9c-4432-9e3c-96b129e15e3d,2026-08-16 11:49:00,610e1a1f67f930ae,Analista de Business Intelligence,Sistemas Australes,Remoto (Argentina),Jobicy,80,76,2,1,False,
0ca60a0c-b5a2-453f-b449-3a19270b8ff1,anon_b119044519,5a6093b0-6a9c-4432-9e3c-96b129e15e3d,2026-08-16 11:49:00,6e977ae6b1326bda,Data Analyst Semi Senior,Comercial Los Andes,Mendoza,Jooble,61,61,4,3,True,2026-08-26 21:49:00
0ca60a0c-b5a2-453f-b449-3a19270b8ff1,anon_b119044519,5a6093b0-6a9c-4432-9e3c-96b129e15e3d,2026-08-16 11:49:00,8e96a057640db261,Data Analyst Semi Senior,BioLab Argentina,Córdoba,Jooble,53,53,2,0,False,
0ca60a0c-b5a2-453f-b449-3a19270b8ff1,anon_b119044519,5a6093b0-6a9c-4432-9e3c-96b129e15e3d,2026-08-16 11:49:00,742d84d1e2ac33e7,BI Analyst,Estudio Contable Medina,Remoto (Argentina),Jobicy,76,81,3,1,True,2026-08-20 18:49:00
0ca60a0c-b5a2-453f-b449-3a19270b8ff1,anon_b119044519,5a6093b0-6a9c-4432-9e3c-96b129e15e3d,2026-08-16 11:49:00,edfc864d5192bd8c,Analista de Datos Jr,Cloudberry Labs,CABA,Jooble,67,77,3,0,False,
